SCAFFOLD,AMOUNT,FREQUENCY,DATABASE,DNMT1,LigBuilder,AlvaBuilder
ACYCLIC,40,5.383580081,DNMT1,DNMT1 = 40 (5.38%),denovoLig = 19 (0.76%),denovoAlva = 154 (2.76%)
O=C(NCCc1ccccc1)c1ccccc1,29,3.903095559,DNMT1,DNMT1 = 29 (3.90%),denovoLig = missing,denovoAlva = 5 (0.09%)
N=C(Cc1ccccc1)C(=O)NCCSSCCNC(=O)C(=N)Cc1ccccc1,24,3.230148048,DNMT1,DNMT1 = 24 (3.23%),denovoLig = missing,denovoAlva = missing
c1coc(-c2cc(=NC3CCNCC3)c3ccc(OCCCN4CCCC4)cc3[nH]2)c1,15,2.01884253,DNMT1,DNMT1 = 15 (2.02%),denovoLig = missing,denovoAlva = missing
c1ccc(CCCN=c2[nH]cnc3cc(OCC4CCN(CCN=c5cc[nH]c6ccccc56)CC4)ccc23)cc1,11,1.480484522,DNMT1,DNMT1 = 11 (1.48%),denovoLig = missing,denovoAlva = missing
O=C1C=CC(=O)N1CCc1ccc(-n2nnc(-c3ccccc3)n2)cc1,10,1.34589502,DNMT1,DNMT1 = 10 (1.35%),denovoLig = missing,denovoAlva = missing
N=c1[nH]cnc2c1ncn2C1CCC(CSC2CCNC2)O1,9,1.211305518,DNMT1,DNMT1 = 9 (1.21%),denovoLig = missing,denovoAlva = missing
c1ccc(CCN=c2[nH]cnc3cc(OCC4CCN(CCN=c5cc[nH]c6ccccc56)CC4)ccc23)cc1,9,1.211305518,DNMT1,DNMT1 = 9 (1.21%),denovoLig = missing,denovoAlva = missing
N=c1[nH]cnc2c1ncn2C1CCCO1,8,1.076716016,DNMT1,DNMT1 = 8 (1.08%),denovoLig = missing,denovoAlva = missing
c1ccc(C2=NOCC2)cc1,6,0.807537012,DNMT1,DNMT1 = 6 (0.81%),denovoLig = missing,denovoAlva = missing
c1ccc(C2=NOC3CNCC23)cc1,6,0.807537012,DNMT1,DNMT1 = 6 (0.81%),denovoLig = missing,denovoAlva = missing
c1ccc(C2=NOC3(CCNC3)C2)cc1,5,0.67294751,DNMT1,DNMT1 = 5 (0.67%),denovoLig = missing,denovoAlva = missing
O=C1N=C(Cc2ccccc2)C(=O)N1c1ccccc1,5,0.67294751,DNMT1,DNMT1 = 5 (0.67%),denovoLig = missing,denovoAlva = 1 (0.02%)
c1coc(-c2cc(=NCC3CCNCC3)c3ccc(OCCCN4CCCC4)cc3[nH]2)c1,4,0.538358008,DNMT1,DNMT1 = 4 (0.54%),denovoLig = missing,denovoAlva = missing
O=S(=O)(Nc1ccccc1)c1ccc(NN=Cc2ccccc2)cc1,4,0.538358008,DNMT1,DNMT1 = 4 (0.54%),denovoLig = missing,denovoAlva = missing
c1ccc2[nH]ccc2c1,4,0.538358008,DNMT1,DNMT1 = 4 (0.54%),denovoLig = missing,denovoAlva = 3 (0.05%)
N=c1ccn(C2CCCO2)c(=O)[nH]1,4,0.538358008,DNMT1,DNMT1 = 4 (0.54%),denovoLig = missing,denovoAlva = missing
c1ccc(Cc2ccccc2)cc1,4,0.538358008,DNMT1,DNMT1 = 4 (0.54%),denovoLig = 1 (0.04%),denovoAlva = 4 (0.07%)
c1ccc(CC2=NOC3CNCC23)cc1,4,0.538358008,DNMT1,DNMT1 = 4 (0.54%),denovoLig = missing,denovoAlva = missing
c1ccc(C2CCNCC2)cc1,4,0.538358008,DNMT1,DNMT1 = 4 (0.54%),denovoLig = missing,denovoAlva = missing
c1ccc(CC2=NOCC2)cc1,4,0.538358008,DNMT1,DNMT1 = 4 (0.54%),denovoLig = missing,denovoAlva = missing
N=c1[nH]ccc(=Nc2ccc(NC(=O)c3ccc(N=c4cc[nH]c5ccccc45)cc3)cc2)[nH]1,4,0.538358008,DNMT1,DNMT1 = 4 (0.54%),denovoLig = missing,denovoAlva = missing
c1ccc(C2(c3nn[nH]n3)CCNCC2)cc1,4,0.538358008,DNMT1,DNMT1 = 4 (0.54%),denovoLig = missing,denovoAlva = missing
c1ccc(-c2ccc(CCN=c3[nH]cnc4c3ncn4C3CCC(CSC4CCNC4)O3)cc2)cc1,4,0.538358008,DNMT1,DNMT1 = 4 (0.54%),denovoLig = missing,denovoAlva = missing
c1cc(=NC2CCNCC2)c2ccc(OCCCN3CCCC3)cc2[nH]1,3,0.403768506,DNMT1,DNMT1 = 3 (0.40%),denovoLig = missing,denovoAlva = missing
O=C(Nc1ccccc1)c1ccc(N=c2cc[nH]c3ccccc23)cc1,3,0.403768506,DNMT1,DNMT1 = 3 (0.40%),denovoLig = missing,denovoAlva = 1 (0.02%)
O=C(Nc1ccc(N=c2cc[nH]c3ccccc23)cc1)c1cccc(Nc2cc[nH+]cc2)c1,3,0.403768506,DNMT1,DNMT1 = 3 (0.40%),denovoLig = missing,denovoAlva = missing
O=C1C=CC(=O)N1Cc1c[nH]c2ccccc12,3,0.403768506,DNMT1,DNMT1 = 3 (0.40%),denovoLig = missing,denovoAlva = missing
O=c1c(=Cc2ccccc2)sc2n1C(c1ccccc1)C=CN=2,3,0.403768506,DNMT1,DNMT1 = 3 (0.40%),denovoLig = missing,denovoAlva = missing
c1ccc(CN=c2[nH]cnc3c2ncn3C2CCCO2)cc1,3,0.403768506,DNMT1,DNMT1 = 3 (0.40%),denovoLig = missing,denovoAlva = missing
O=C(Nc1cccc(Nc2cc[nH+]cc2)c1)c1ccc(N=c2cc[nH]c3ccccc23)cc1,3,0.403768506,DNMT1,DNMT1 = 3 (0.40%),denovoLig = missing,denovoAlva = missing
O=C(C=Cc1ccccc1)CC(=O)C=Cc1ccccc1,3,0.403768506,DNMT1,DNMT1 = 3 (0.40%),denovoLig = missing,denovoAlva = missing
N=c1nc[nH]c2c1ncn2C1CCCO1,3,0.403768506,DNMT1,DNMT1 = 3 (0.40%),denovoLig = missing,denovoAlva = missing
O=C(NN=Cc1ccccc1)c1cc(-c2ccco2)nc2ccccc12,3,0.403768506,DNMT1,DNMT1 = 3 (0.40%),denovoLig = missing,denovoAlva = 2 (0.04%)
O=C(Nc1ccc(N=c2cc[nH]c3ccccc23)cc1)c1ccc(Nc2cc[nH+]cc2)cc1,3,0.403768506,DNMT1,DNMT1 = 3 (0.40%),denovoLig = missing,denovoAlva = missing
O=C1NC(=S)SC1=Cc1cn(-c2ccccc2)nc1-c1ccccc1,3,0.403768506,DNMT1,DNMT1 = 3 (0.40%),denovoLig = missing,denovoAlva = missing
O=C(Nc1ccc(Nc2cc[nH+]cc2)cc1)c1ccc(N=c2cc[nH]c3ccccc23)cc1,3,0.403768506,DNMT1,DNMT1 = 3 (0.40%),denovoLig = missing,denovoAlva = missing
O=C1c2ccccc2C(=O)N1CCc1c[nH]c2ccccc12,3,0.403768506,DNMT1,DNMT1 = 3 (0.40%),denovoLig = missing,denovoAlva = missing
N=C(Cc1c[nH]c2ccccc12)C(=O)NCCSSCCNC(=O)C(=N)Cc1c[nH]c2ccccc12,3,0.403768506,DNMT1,DNMT1 = 3 (0.40%),denovoLig = missing,denovoAlva = missing
c1ccc(CCCN=c2[nH]cnc3cc(OCC4CCN(CCN=c5cc[nH]cc5)CC4)ccc23)cc1,2,0.269179004,DNMT1,DNMT1 = 2 (0.27%),denovoLig = missing,denovoAlva = missing
O=C(CCS(=O)(=O)c1ccccc1)Nc1ccccc1,2,0.269179004,DNMT1,DNMT1 = 2 (0.27%),denovoLig = missing,denovoAlva = missing
c1ccc(CN2CCC(N=c3nc(N4CCN(c5ccccc5)CC4)[nH]c4ccccc34)CC2)cc1,2,0.269179004,DNMT1,DNMT1 = 2 (0.27%),denovoLig = missing,denovoAlva = missing
c1cc2c(=NC3CCNCC3)cc(C3CCCCC3)[nH]c2cc1OCCCN1CCCC1,2,0.269179004,DNMT1,DNMT1 = 2 (0.27%),denovoLig = missing,denovoAlva = missing
c1ccc(CN=c2cc(-c3ccco3)[nH]c3cc(OCCCN4CCCC4)ccc23)cc1,2,0.269179004,DNMT1,DNMT1 = 2 (0.27%),denovoLig = missing,denovoAlva = missing
O=C(CN1C(=O)N=C(Cc2cccn2-c2ccccc2)C1=O)Nc1ccccc1,2,0.269179004,DNMT1,DNMT1 = 2 (0.27%),denovoLig = missing,denovoAlva = missing
c1ccc(COc2ccc3c(=NC4CCN(Cc5ccccc5)CC4)[nH]c(N4CCN(c5ccccc5)CC4)nc3c2)cc1,2,0.269179004,DNMT1,DNMT1 = 2 (0.27%),denovoLig = missing,denovoAlva = missing
O=C1C(=Cc2ccc(-c3ccccc3)o2)SC(=S)N1Cc1ccccc1,2,0.269179004,DNMT1,DNMT1 = 2 (0.27%),denovoLig = missing,denovoAlva = missing
O=C1C=CC(=O)N1CCc1c[nH]c2ccccc12,2,0.269179004,DNMT1,DNMT1 = 2 (0.27%),denovoLig = missing,denovoAlva = missing
O=C(CNC(=O)c1cccc(-n2cccc2)c1)Nc1ccccc1,2,0.269179004,DNMT1,DNMT1 = 2 (0.27%),denovoLig = missing,denovoAlva = missing
c1coc(-c2cc(=NC3CCC34CCNCC4)c3ccc(OCCCN4CCCC4)cc3[nH]2)c1,2,0.269179004,DNMT1,DNMT1 = 2 (0.27%),denovoLig = missing,denovoAlva = missing
N=c1ncn(C2CCCO2)c(=O)[nH]1,2,0.269179004,DNMT1,DNMT1 = 2 (0.27%),denovoLig = missing,denovoAlva = missing
N=c1cc(-c2ccco2)[nH]c2cc(OCCCN3CCCC3)ccc12,2,0.269179004,DNMT1,DNMT1 = 2 (0.27%),denovoLig = missing,denovoAlva = missing
c1coc(-c2cc(=NC3CC4(CCNCC4)C3)c3ccc(OCCCN4CCCC4)cc3[nH]2)c1,2,0.269179004,DNMT1,DNMT1 = 2 (0.27%),denovoLig = missing,denovoAlva = missing
N=c1[nH]cnc2cc(OCC3CCN(CCN=c4cc[nH]c5ccccc45)CC3)ccc12,2,0.269179004,DNMT1,DNMT1 = 2 (0.27%),denovoLig = missing,denovoAlva = missing
O=C(c1cc(-c2ccco2)nc2ccccc12)N1CCCCC1,2,0.269179004,DNMT1,DNMT1 = 2 (0.27%),denovoLig = missing,denovoAlva = missing
c1ccc(-c2cc(=NC3CCNCC3)c3ccc(OCCCN4CCCC4)cc3[nH]2)cc1,2,0.269179004,DNMT1,DNMT1 = 2 (0.27%),denovoLig = missing,denovoAlva = missing
c1coc(-c2cc(=NC3CC4(CCNCC4)C3)c3ccc(OC4CC5(CNC5)C4)cc3[nH]2)c1,2,0.269179004,DNMT1,DNMT1 = 2 (0.27%),denovoLig = missing,denovoAlva = missing
c1ccc(CN2CCC(N=c3[nH]c(N4CCN(c5ccccc5)CC4)nc4ccccc34)CC2)cc1,2,0.269179004,DNMT1,DNMT1 = 2 (0.27%),denovoLig = missing,denovoAlva = missing
O=C(Nc1ccccc1)c1cccs1,2,0.269179004,DNMT1,DNMT1 = 2 (0.27%),denovoLig = missing,denovoAlva = missing
c1coc(-c2cc(=NC3CCN(C4CC4)CC3)c3ccc(OCCCN4CCCC4)cc3[nH]2)c1,2,0.269179004,DNMT1,DNMT1 = 2 (0.27%),denovoLig = missing,denovoAlva = missing
c1ccc(CCN2CCC(N=c3[nH]c(=NCc4ccccc4)[nH]c4ccccc34)CC2)cc1,2,0.269179004,DNMT1,DNMT1 = 2 (0.27%),denovoLig = missing,denovoAlva = missing
O=C(Nc1ccc(N=c2cc[nH]c3ccccc23)cc1)c1ccccc1,2,0.269179004,DNMT1,DNMT1 = 2 (0.27%),denovoLig = missing,denovoAlva = missing
c1coc(-c2cc(=NCC3C4CCC3CNC4)c3ccc(OCCCN4CCCC4)cc3[nH]2)c1,2,0.269179004,DNMT1,DNMT1 = 2 (0.27%),denovoLig = missing,denovoAlva = missing
c1ccc(-c2ccc(CCN=c3[nH]cnc4c3ncn4C3CCCO3)cc2)cc1,2,0.269179004,DNMT1,DNMT1 = 2 (0.27%),denovoLig = missing,denovoAlva = missing
c1ccc(CCCN=c2[nH]cnc3cc(OCC4CCN(CCNc5cccc6ccccc56)CC4)ccc23)cc1,2,0.269179004,DNMT1,DNMT1 = 2 (0.27%),denovoLig = missing,denovoAlva = missing
c1coc(-c2cc(=NC3CCNCC3)c3ccccc3[nH]2)c1,2,0.269179004,DNMT1,DNMT1 = 2 (0.27%),denovoLig = missing,denovoAlva = missing
C=c1c(=Cc2c[nH]c(=O)n(-c3ccccc3)c2=O)ccn1-c1cc2c(s1)CCCC2,2,0.269179004,DNMT1,DNMT1 = 2 (0.27%),denovoLig = missing,denovoAlva = missing
c1coc(-c2cc(=NC3CCNCC3)c3ccc(OC4CC5(CNC5)C4)cc3[nH]2)c1,2,0.269179004,DNMT1,DNMT1 = 2 (0.27%),denovoLig = missing,denovoAlva = missing
O=C(NCc1ccc[nH]c1=O)c1cc(-c2ccc(N3CCNCC3)nc2)cc2[nH]ncc12,2,0.269179004,DNMT1,DNMT1 = 2 (0.27%),denovoLig = missing,denovoAlva = missing
O=C(NCCc1ccccc1)c1cccnc1,2,0.269179004,DNMT1,DNMT1 = 2 (0.27%),denovoLig = missing,denovoAlva = missing
c1coc(-c2cc(=NC3CCNCC3)c3ccc(OCC4CCNCC4)cc3[nH]2)c1,2,0.269179004,DNMT1,DNMT1 = 2 (0.27%),denovoLig = missing,denovoAlva = missing
O=C1N=C(Cc2cccn2-c2ccccc2)C(=O)N1c1ccccc1,2,0.269179004,DNMT1,DNMT1 = 2 (0.27%),denovoLig = missing,denovoAlva = missing
c1ccc(C2=NCCO2)cc1,2,0.269179004,DNMT1,DNMT1 = 2 (0.27%),denovoLig = missing,denovoAlva = missing
N=c1[nH]cnc2c1ccn2CCNC(=O)Cn1cnc(C(=O)Nc2ccccc2)n1,2,0.269179004,DNMT1,DNMT1 = 2 (0.27%),denovoLig = missing,denovoAlva = missing
N=c1[nH]cnc2c1ccn2C1CCCO1,2,0.269179004,DNMT1,DNMT1 = 2 (0.27%),denovoLig = missing,denovoAlva = missing
O=S(=O)(Nc1ccccc1)c1ccc2c(c1)C1C=CCC1C(c1ccccc1)N2,2,0.269179004,DNMT1,DNMT1 = 2 (0.27%),denovoLig = missing,denovoAlva = missing
O=C1NC(=S)SC1=Cc1ccccc1OCc1ccccc1,2,0.269179004,DNMT1,DNMT1 = 2 (0.27%),denovoLig = missing,denovoAlva = missing
N=c1[nH]c(=O)n(C2CCCO2)cc1CNCC1CCC(n2cnc3c(=N)[nH]cnc32)O1,2,0.269179004,DNMT1,DNMT1 = 2 (0.27%),denovoLig = missing,denovoAlva = missing
c1ccc2c(c1)[nH]c1ccccc12,2,0.269179004,DNMT1,DNMT1 = 2 (0.27%),denovoLig = missing,denovoAlva = 1 (0.02%)
N=c1[nH]c(=O)n(C2CCCO2)cc1CCCNCC1CCC(n2cnc3c(=N)[nH]cnc32)O1,2,0.269179004,DNMT1,DNMT1 = 2 (0.27%),denovoLig = missing,denovoAlva = missing
O=C1NC(=S)N(c2ccccc2)C(=O)C1=Cc1ccco1,2,0.269179004,DNMT1,DNMT1 = 2 (0.27%),denovoLig = missing,denovoAlva = missing
O=C1NN(c2ccccc2)C(=O)C1=Cc1ccc(-c2ccccc2)o1,2,0.269179004,DNMT1,DNMT1 = 2 (0.27%),denovoLig = missing,denovoAlva = missing
N=c1[nH]ccc2cc(CNC(=O)Cn3cnc(C(=O)Nc4ccccc4)n3)ccc12,2,0.269179004,DNMT1,DNMT1 = 2 (0.27%),denovoLig = missing,denovoAlva = missing
O=C1NC(=O)c2ccccc21,2,0.269179004,DNMT1,DNMT1 = 2 (0.27%),denovoLig = 1 (0.04%),denovoAlva = 7 (0.13%)
N=c1[nH]c2ccccc2c2nc(-c3ccccc3)nn12,2,0.269179004,DNMT1,DNMT1 = 2 (0.27%),denovoLig = missing,denovoAlva = 1 (0.02%)
c1ccc(-c2ccc(-c3cc(=NC4CCNCC4)c4ccc(OCCCN5CCCC5)cc4[nH]3)o2)cc1,1,0.134589502,DNMT1,DNMT1 = 1 (0.13%),denovoLig = missing,denovoAlva = missing
c1coc(-c2cc(=NCC3CCN(C4CCC4)CC3)c3ccccc3[nH]2)c1,1,0.134589502,DNMT1,DNMT1 = 1 (0.13%),denovoLig = missing,denovoAlva = missing
c1coc(-c2cc(=NCC3CCN(C4CCCCC4)CC3)c3ccc(OCCCN4CCCC4)cc3[nH]2)c1,1,0.134589502,DNMT1,DNMT1 = 1 (0.13%),denovoLig = missing,denovoAlva = missing
c1ccc(-c2ccc(C(c3ccccc3)c3ccccc3)cc2)cc1,1,0.134589502,DNMT1,DNMT1 = 1 (0.13%),denovoLig = missing,denovoAlva = missing
O=S(=O)(Nc1cccc2ccccc12)c1ccccc1,1,0.134589502,DNMT1,DNMT1 = 1 (0.13%),denovoLig = missing,denovoAlva = missing
c1coc(-c2cc(=NCC3CCCCC3)c3ccc(OCCCN4CCCC4)cc3[nH]2)c1,1,0.134589502,DNMT1,DNMT1 = 1 (0.13%),denovoLig = missing,denovoAlva = missing
c1ccc(-c2cc[nH]c2)cc1,1,0.134589502,DNMT1,DNMT1 = 1 (0.13%),denovoLig = missing,denovoAlva = 2 (0.04%)
c1coc(-c2cc(=NCC3CCN(Cc4cccs4)CC3)c3ccccc3[nH]2)c1,1,0.134589502,DNMT1,DNMT1 = 1 (0.13%),denovoLig = missing,denovoAlva = missing
c1ccc(-c2cc(=NCC3CCN(c4ncccn4)CC3)c3ccccc3[nH]2)cc1,1,0.134589502,DNMT1,DNMT1 = 1 (0.13%),denovoLig = missing,denovoAlva = missing
c1csc(-c2cc(=NC3CCNCC3)c3ccc(OCCCN4CCCC4)cc3[nH]2)c1,1,0.134589502,DNMT1,DNMT1 = 1 (0.13%),denovoLig = missing,denovoAlva = missing
c1ccc(-c2cc(=NC3CCNCC3)c3ccccc3o2)cc1,1,0.134589502,DNMT1,DNMT1 = 1 (0.13%),denovoLig = missing,denovoAlva = missing
c1coc(-c2nc3cc(OCCCN4CCCC4)ccc3c(=NC3CCNCC3)[nH]2)c1,1,0.134589502,DNMT1,DNMT1 = 1 (0.13%),denovoLig = missing,denovoAlva = missing
c1cc2c(s1)CCCC2,1,0.134589502,DNMT1,DNMT1 = 1 (0.13%),denovoLig = missing,denovoAlva = missing
c1coc(-c2cc(=NCC3CCCCC3)c3ccccc3[nH]2)c1,1,0.134589502,DNMT1,DNMT1 = 1 (0.13%),denovoLig = missing,denovoAlva = missing
O=c1[nH]c2ccccc2c(=O)n1CCc1c[nH]c2ccccc12,1,0.134589502,DNMT1,DNMT1 = 1 (0.13%),denovoLig = missing,denovoAlva = missing
O=S(=O)(Nc1cccc(-c2ccncn2)c1)c1ccccc1,1,0.134589502,DNMT1,DNMT1 = 1 (0.13%),denovoLig = missing,denovoAlva = missing
O=S(=O)(Nc1c(S(=O)(=O)c2ccccc2)c2nc3ccccc3nc2n1C1CCCCC1)c1ccccc1,1,0.134589502,DNMT1,DNMT1 = 1 (0.13%),denovoLig = missing,denovoAlva = missing
c1ccc(C2=NC(CN3CCCC3)CO2)cc1,1,0.134589502,DNMT1,DNMT1 = 1 (0.13%),denovoLig = missing,denovoAlva = missing
c1coc(-c2cc(=NC3CCNCC3)c3ccc(OCCCN4CCOCC4)cc3[nH]2)c1,1,0.134589502,DNMT1,DNMT1 = 1 (0.13%),denovoLig = missing,denovoAlva = missing
O=C1c2ccccc2C(=O)N1CCc1cc(=O)[nH]c2ccccc12,1,0.134589502,DNMT1,DNMT1 = 1 (0.13%),denovoLig = missing,denovoAlva = missing
O=C1c2ccccc2C(=O)N1CCc1ccccc1,1,0.134589502,DNMT1,DNMT1 = 1 (0.13%),denovoLig = missing,denovoAlva = missing
O=C1c2ccccc2C(=O)N1CCc1csc2ccccc12,1,0.134589502,DNMT1,DNMT1 = 1 (0.13%),denovoLig = missing,denovoAlva = missing
O=C1c2ccccc2C(=O)c2ccccc21,1,0.134589502,DNMT1,DNMT1 = 1 (0.13%),denovoLig = missing,denovoAlva = 2 (0.04%)
c1ccc(-n2ccc(-c3ccco3)n2)cc1,1,0.134589502,DNMT1,DNMT1 = 1 (0.13%),denovoLig = missing,denovoAlva = missing
c1ccc(-n2ccc(-c3ccc(N4CCOCC4)cc3)n2)cc1,1,0.134589502,DNMT1,DNMT1 = 1 (0.13%),denovoLig = missing,denovoAlva = missing
c1ccc(-c2noc3cn(-c4ccccc4)cc23)cc1,1,0.134589502,DNMT1,DNMT1 = 1 (0.13%),denovoLig = missing,denovoAlva = missing
c1ccc(-c2nn3c(Cn4nnc5ccccc54)nnc3s2)cc1,1,0.134589502,DNMT1,DNMT1 = 1 (0.13%),denovoLig = missing,denovoAlva = missing
O=C1c2sccc2-c2cccc3cccc1c23,1,0.134589502,DNMT1,DNMT1 = 1 (0.13%),denovoLig = missing,denovoAlva = missing
c1ccc(-c2ncc3oc4ccccc4c3n2)cc1,1,0.134589502,DNMT1,DNMT1 = 1 (0.13%),denovoLig = missing,denovoAlva = missing
c1ccc(-c2ccco2)cc1,1,0.134589502,DNMT1,DNMT1 = 1 (0.13%),denovoLig = missing,denovoAlva = 1 (0.02%)
c1ccc(-c2ccc3cc4ccccc4cc3c2)cc1,1,0.134589502,DNMT1,DNMT1 = 1 (0.13%),denovoLig = missing,denovoAlva = missing
O=S(=O)(N=c1[nH]ccs1)c1cccc(N=Nc2ccccc2)c1,1,0.134589502,DNMT1,DNMT1 = 1 (0.13%),denovoLig = missing,denovoAlva = missing
c1ccc(-c2ccc(CN=c3cc(-c4ccco4)[nH]c4cc(OCCCN5CCCC5)ccc34)cc2)cc1,1,0.134589502,DNMT1,DNMT1 = 1 (0.13%),denovoLig = missing,denovoAlva = missing
c1ccc(-c2ccc(CN=c3[nH]cnc4cc(OCC5CCN(CCN=c6cc[nH]c7ccccc67)CC5)ccc34)cc2)cc1,1,0.134589502,DNMT1,DNMT1 = 1 (0.13%),denovoLig = missing,denovoAlva = missing
O=S(=O)(Nc1ccccc1)c1ccc(NN=Cc2cnn(-c3ccccc3)c2)cc1,1,0.134589502,DNMT1,DNMT1 = 1 (0.13%),denovoLig = missing,denovoAlva = missing
c1cc2c(=NC3CCNCC3)cc(C3CCOCC3)[nH]c2cc1OCCCN1CCCC1,1,0.134589502,DNMT1,DNMT1 = 1 (0.13%),denovoLig = missing,denovoAlva = missing
O=S(=O)(Nc1ccccc1N1CCCC1)c1ccccc1,1,0.134589502,DNMT1,DNMT1 = 1 (0.13%),denovoLig = missing,denovoAlva = missing
c1cc2c(=NC3CCNCC3)cc(N3CCNCC3)[nH]c2cc1OCCCN1CCCC1,1,0.134589502,DNMT1,DNMT1 = 1 (0.13%),denovoLig = missing,denovoAlva = missing
c1coc(-c2cc(NC3CCNCC3)c3ccc(OCCCN4CCCC4)cc3n2)c1,1,0.134589502,DNMT1,DNMT1 = 1 (0.13%),denovoLig = missing,denovoAlva = missing
O=c1cc(-c2cc(=NC3CCNCC3)c3ccc(OCCCN4CCCC4)cc3[nH]2)cc[nH]1,1,0.134589502,DNMT1,DNMT1 = 1 (0.13%),denovoLig = missing,denovoAlva = missing
O=S(=O)(c1ccccc1)N1C(c2ccccc2)C=CCC1c1ccccc1,1,0.134589502,DNMT1,DNMT1 = 1 (0.13%),denovoLig = missing,denovoAlva = missing
O=c1c2ccc(OCC3CCN(CCN=c4cc[nH]c5ccccc45)CC3)cc2ncn1CCCc1ccccc1,1,0.134589502,DNMT1,DNMT1 = 1 (0.13%),denovoLig = missing,denovoAlva = missing
c1coc(-c2cc(OC3CCNCC3)c3ccc(OCCCN4CCCC4)cc3n2)c1,1,0.134589502,DNMT1,DNMT1 = 1 (0.13%),denovoLig = missing,denovoAlva = missing
O=c1c(=Cc2ccccc2)c(=CSc2ccccc2)[nH]n1-c1nc2ccccc2s1,1,0.134589502,DNMT1,DNMT1 = 1 (0.13%),denovoLig = missing,denovoAlva = missing
O=c1c(=Cc2ccc(-c3ccccc3)o2)sc2nc3cccnc3n12,1,0.134589502,DNMT1,DNMT1 = 1 (0.13%),denovoLig = missing,denovoAlva = 2 (0.04%)
O=c1c(=Cc2ccc(-c3ccccc3)o2)sc2nc3ccccc3n12,1,0.134589502,DNMT1,DNMT1 = 1 (0.13%),denovoLig = missing,denovoAlva = missing
O=c1c(-c2ccccc2)coc2ccccc12,1,0.134589502,DNMT1,DNMT1 = 1 (0.13%),denovoLig = missing,denovoAlva = 1 (0.02%)
O=S(=O)(c1ccccc1)c1cccc2c(S(=O)(=O)c3ccccc3)cccc12,1,0.134589502,DNMT1,DNMT1 = 1 (0.13%),denovoLig = missing,denovoAlva = 1 (0.02%)
O=S(=O)(c1ccccc1)c1ccccc1,1,0.134589502,DNMT1,DNMT1 = 1 (0.13%),denovoLig = missing,denovoAlva = 1 (0.02%)
O=c1[nH]nc2c3c(cccc13)-c1ccccc1-2,1,0.134589502,DNMT1,DNMT1 = 1 (0.13%),denovoLig = missing,denovoAlva = missing
O=c1[nH]cnc2c1ncn2C1CCCO1,1,0.134589502,DNMT1,DNMT1 = 1 (0.13%),denovoLig = missing,denovoAlva = missing
O=c1[nH]ccc(=NCc2ccccc2)[nH]1,1,0.134589502,DNMT1,DNMT1 = 1 (0.13%),denovoLig = missing,denovoAlva = missing
O=c1[nH]ccc(=NCCNCCCOc2ccc3c(=NCCCc4ccccc4)[nH]cnc3c2)[nH]1,1,0.134589502,DNMT1,DNMT1 = 1 (0.13%),denovoLig = missing,denovoAlva = missing
O=c1[nH]ccc(=NCCN2CCC(COc3ccc4c(=NCCCc5ccccc5)[nH]cnc4c3)CC2)[nH]1,1,0.134589502,DNMT1,DNMT1 = 1 (0.13%),denovoLig = missing,denovoAlva = missing
c1coc(-c2ccc3nncn3c2)c1,1,0.134589502,DNMT1,DNMT1 = 1 (0.13%),denovoLig = missing,denovoAlva = missing
O=c1cc(CSc2nnnn2-c2ccccc2)[nH]c(N=c2ncc3ccccc3[nH]2)n1,1,0.134589502,DNMT1,DNMT1 = 1 (0.13%),denovoLig = missing,denovoAlva = missing
c1coc(-c2cc(=NCc3ccc(C4CCCCC4)cc3)c3ccc(OCCCN4CCCC4)cc3[nH]2)c1,1,0.134589502,DNMT1,DNMT1 = 1 (0.13%),denovoLig = missing,denovoAlva = missing
O=c1cc[nH]c(=O)n1Cc1ccco1,1,0.134589502,DNMT1,DNMT1 = 1 (0.13%),denovoLig = missing,denovoAlva = missing
c1coc(-c2cc(=NCC3CCNCC3)c3ccc(OC4CC5(CNC5)C4)cc3[nH]2)c1,1,0.134589502,DNMT1,DNMT1 = 1 (0.13%),denovoLig = missing,denovoAlva = missing
O=c1[nH]c(=NCc2ccccc2)ccn1C1CCCO1,1,0.134589502,DNMT1,DNMT1 = 1 (0.13%),denovoLig = missing,denovoAlva = missing
c1cc2c(=NC3CCNCC3)cc(C3CCCO3)[nH]c2cc1OCCCN1CCCC1,1,0.134589502,DNMT1,DNMT1 = 1 (0.13%),denovoLig = missing,denovoAlva = missing
O=S(=O)(Oc1ccc(C2=NOC3CNCC23)cc1)c1ccccc1,1,0.134589502,DNMT1,DNMT1 = 1 (0.13%),denovoLig = missing,denovoAlva = missing
c1cc2c(=NC3CCNCC3)[nH]c(N3CCCCC3)nc2cc1OCCCN1CCCC1,1,0.134589502,DNMT1,DNMT1 = 1 (0.13%),denovoLig = missing,denovoAlva = missing
c1cc2c(=NC3CCNCC3)[nH]c(C3CCCCC3)nc2cc1OCCCN1CCCC1,1,0.134589502,DNMT1,DNMT1 = 1 (0.13%),denovoLig = missing,denovoAlva = missing
O=S(=O)(Oc1ccc(C2=NOCC2)cc1)c1ccccc1,1,0.134589502,DNMT1,DNMT1 = 1 (0.13%),denovoLig = missing,denovoAlva = missing
c1cc(CN=c2[nH]cnc3c2ncn3C2CCCO2)ccn1,1,0.134589502,DNMT1,DNMT1 = 1 (0.13%),denovoLig = missing,denovoAlva = missing
c1cc(-c2cc(=NC3CCNCC3)c3ccc(OCCCN4CCCC4)cc3[nH]2)n[nH]1,1,0.134589502,DNMT1,DNMT1 = 1 (0.13%),denovoLig = missing,denovoAlva = missing
O=c1ccc(N=Nc2ccccc2)c[nH]1,1,0.134589502,DNMT1,DNMT1 = 1 (0.13%),denovoLig = missing,denovoAlva = missing
c1cc(-c2cc(=NC3CCNCC3)c3ccc(OCCCN4CCCC4)cc3[nH]2)co1,1,0.134589502,DNMT1,DNMT1 = 1 (0.13%),denovoLig = missing,denovoAlva = missing
O=S(=O)(Oc1ccc2c(c1)[nH]c1ccccc12)c1cccc2ccccc12,1,0.134589502,DNMT1,DNMT1 = 1 (0.13%),denovoLig = missing,denovoAlva = missing
c1cc(-c2cc(=NC3CCNCC3)c3ccc(OCCCN4CCCC4)cc3[nH]2)[nH]n1,1,0.134589502,DNMT1,DNMT1 = 1 (0.13%),denovoLig = missing,denovoAlva = missing
c1c[nH]c(-c2cc(=NC3CCNCC3)c3ccc(OCCCN4CCCC4)cc3[nH]2)c1,1,0.134589502,DNMT1,DNMT1 = 1 (0.13%),denovoLig = missing,denovoAlva = missing
O=c1oc2ccccc2c2[nH]c3ccccc3c12,1,0.134589502,DNMT1,DNMT1 = 1 (0.13%),denovoLig = missing,denovoAlva = missing
O=c1ccocc1,1,0.134589502,DNMT1,DNMT1 = 1 (0.13%),denovoLig = missing,denovoAlva = missing
c1ccc(C2=NCC(CN3CCCC3)O2)cc1,1,0.134589502,DNMT1,DNMT1 = 1 (0.13%),denovoLig = missing,denovoAlva = missing
O=c1ccc2ccc(Oc3cc4ccc(OC5CCCCO5)cc4oc3=O)cc2o1,1,0.134589502,DNMT1,DNMT1 = 1 (0.13%),denovoLig = missing,denovoAlva = missing
c1coc(-c2cc(=NC3CC3)c3ccc(OCCCN4CCCC4)cc3[nH]2)c1,1,0.134589502,DNMT1,DNMT1 = 1 (0.13%),denovoLig = missing,denovoAlva = missing
c1coc(-c2cc(=NC3CCNCC3)c3ccc(OCCCN4CCCCC4)cc3[nH]2)c1,1,0.134589502,DNMT1,DNMT1 = 1 (0.13%),denovoLig = missing,denovoAlva = missing
c1ccc(Sc2ccccc2)cc1,1,0.134589502,DNMT1,DNMT1 = 1 (0.13%),denovoLig = missing,denovoAlva = missing
c1ccc2c(c1)CCCC2,1,0.134589502,DNMT1,DNMT1 = 1 (0.13%),denovoLig = missing,denovoAlva = missing
c1ccc2c(c1)C1=NCCN1c1ccccc1-2,1,0.134589502,DNMT1,DNMT1 = 1 (0.13%),denovoLig = missing,denovoAlva = missing
c1ccc2c(NCCN=c3[nH]cnc4cc(OCC5CCN(CCN=c6cc[nH]c7ccccc67)CC5)ccc34)cccc2c1,1,0.134589502,DNMT1,DNMT1 = 1 (0.13%),denovoLig = missing,denovoAlva = missing
c1ccc2c(CCn3cccc3)c[nH]c2c1,1,0.134589502,DNMT1,DNMT1 = 1 (0.13%),denovoLig = missing,denovoAlva = missing
c1ccc2c(CCCN=c3[nH]cnc4cc(OCC5CCN(CCN=c6cc[nH]c7ccccc67)CC5)ccc34)cccc2c1,1,0.134589502,DNMT1,DNMT1 = 1 (0.13%),denovoLig = missing,denovoAlva = missing
c1coc(-c2cc(=NC3CC4(CCNCC4)C3)c3ccc(OCC4CCNCC4)cc3[nH]2)c1,1,0.134589502,DNMT1,DNMT1 = 1 (0.13%),denovoLig = missing,denovoAlva = missing
c1ccc2c(=Nc3ccc(N4CCNCC4)cc3)cc[nH]c2c1,1,0.134589502,DNMT1,DNMT1 = 1 (0.13%),denovoLig = missing,denovoAlva = missing
c1ccc2c(=NCCCCCN3CCCC3)nc(N3CCCC3)[nH]c2c1,1,0.134589502,DNMT1,DNMT1 = 1 (0.13%),denovoLig = missing,denovoAlva = missing
c1ccc2c(=NC3CCNCC3)nc(N3CCOCC3)[nH]c2c1,1,0.134589502,DNMT1,DNMT1 = 1 (0.13%),denovoLig = missing,denovoAlva = missing
c1ccc(SNCCc2c[nH]c3ccccc23)nc1,1,0.134589502,DNMT1,DNMT1 = 1 (0.13%),denovoLig = missing,denovoAlva = missing
c1ccc2c(c1)c1ccccc1n2CC(Cn1c2ccccc2c2ccccc21)OCCCN1CCCCC1,1,0.134589502,DNMT1,DNMT1 = 1 (0.13%),denovoLig = missing,denovoAlva = missing
c1coc(-c2cc(=NC3CC4CCC(C3)N4)c3ccc(OCCCN4CCCC4)cc3[nH]2)c1,1,0.134589502,DNMT1,DNMT1 = 1 (0.13%),denovoLig = missing,denovoAlva = missing
c1ccc(SNCCc2c[nH]c3ccccc23)cc1,1,0.134589502,DNMT1,DNMT1 = 1 (0.13%),denovoLig = missing,denovoAlva = missing
c1coc(-c2cc(=NC3CCC34CCNC4)c3ccc(OCCCN4CCCC4)cc3[nH]2)c1,1,0.134589502,DNMT1,DNMT1 = 1 (0.13%),denovoLig = missing,denovoAlva = missing
c1ccc(SN2CCC(Cc3c[nH]c4ccccc34)C2)cc1,1,0.134589502,DNMT1,DNMT1 = 1 (0.13%),denovoLig = missing,denovoAlva = missing
c1ccc(OCc2nnc(-c3ccccc3)o2)cc1,1,0.134589502,DNMT1,DNMT1 = 1 (0.13%),denovoLig = missing,denovoAlva = missing
c1ccc(OCCCN2Cc3ccccc3C2)cc1,1,0.134589502,DNMT1,DNMT1 = 1 (0.13%),denovoLig = missing,denovoAlva = missing
c1ccc(NCc2nc3ccccc3[nH]2)cc1,1,0.134589502,DNMT1,DNMT1 = 1 (0.13%),denovoLig = missing,denovoAlva = missing
c1ccc(NCCN=c2[nH]cnc3cc(OCC4CCN(CCN=c5cc[nH]c6ccccc56)CC4)ccc23)cc1,1,0.134589502,DNMT1,DNMT1 = 1 (0.13%),denovoLig = missing,denovoAlva = missing
c1ccc(N=c2c3ccccc3[nH]c3ccccc23)cc1,1,0.134589502,DNMT1,DNMT1 = 1 (0.13%),denovoLig = missing,denovoAlva = missing
c1ccc2c(c1)c1c(c3ccccc32)CN2CCCC2C1,1,0.134589502,DNMT1,DNMT1 = 1 (0.13%),denovoLig = missing,denovoAlva = missing
c1ccc2c(c1)ccc1ccc3c(c12)OCO3,1,0.134589502,DNMT1,DNMT1 = 1 (0.13%),denovoLig = missing,denovoAlva = missing
c1ccc(N=Nc2c[nH]c3ccccc23)cc1,1,0.134589502,DNMT1,DNMT1 = 1 (0.13%),denovoLig = missing,denovoAlva = missing
c1cnc(N2CCC(CN=c3cc(-c4ccoc4)[nH]c4ccccc34)CC2)nc1,1,0.134589502,DNMT1,DNMT1 = 1 (0.13%),denovoLig = missing,denovoAlva = missing
c1coc(-c2cc(=NC3C4CCC3CNC4)c3ccc(OC4CC5(CNC5)C4)cc3[nH]2)c1,1,0.134589502,DNMT1,DNMT1 = 1 (0.13%),denovoLig = missing,denovoAlva = missing
c1cncc(-c2cc(=NC3CCNCC3)c3ccc(OCCCN4CCCC4)cc3[nH]2)c1,1,0.134589502,DNMT1,DNMT1 = 1 (0.13%),denovoLig = missing,denovoAlva = missing
c1cnc(N2CCC(N=c3cc[nH]c4cc(OCCCN5CCCC5)ccc34)CC2)nc1,1,0.134589502,DNMT1,DNMT1 = 1 (0.13%),denovoLig = missing,denovoAlva = missing
c1cnc(N2CCC(N=c3cc(-c4ccco4)[nH]c4ccccc34)CC2)nc1,1,0.134589502,DNMT1,DNMT1 = 1 (0.13%),denovoLig = missing,denovoAlva = missing
c1cnc(N2CCC(CN=c3nc(-c4ccco4)[nH]c4ccccc34)CC2)nc1,1,0.134589502,DNMT1,DNMT1 = 1 (0.13%),denovoLig = missing,denovoAlva = missing
c1cnc(N2CCC(CN=c3cc[nH]c4ccccc34)CC2)nc1,1,0.134589502,DNMT1,DNMT1 = 1 (0.13%),denovoLig = missing,denovoAlva = missing
c1cnc(N2CCC(CN=c3cc[nH]c4cc(OCCCN5CCCC5)ccc34)CC2)nc1,1,0.134589502,DNMT1,DNMT1 = 1 (0.13%),denovoLig = missing,denovoAlva = missing
c1cnc(N2CCC(CN=c3cc(N4CCCCC4)[nH]c4ccccc34)CC2)nc1,1,0.134589502,DNMT1,DNMT1 = 1 (0.13%),denovoLig = missing,denovoAlva = missing
c1cnc(N2CCC(CN=c3cc(C4CCCCC4)[nH]c4ccccc34)CC2)nc1,1,0.134589502,DNMT1,DNMT1 = 1 (0.13%),denovoLig = missing,denovoAlva = missing
c1cnc(N2CCC(CN=c3cc(-c4cccs4)[nH]c4ccccc34)CC2)nc1,1,0.134589502,DNMT1,DNMT1 = 1 (0.13%),denovoLig = missing,denovoAlva = missing
c1ccc2cc3ccccc3cc2c1,1,0.134589502,DNMT1,DNMT1 = 1 (0.13%),denovoLig = missing,denovoAlva = 9 (0.16%)
c1cnc(N2CCC(CN=c3cc(-c4ccco4)[nH]c4ccccc34)CC2)nc1,1,0.134589502,DNMT1,DNMT1 = 1 (0.13%),denovoLig = missing,denovoAlva = missing
c1cnc(N2CCC(CN=c3cc(-c4ccco4)[nH]c4cc(OCCCN5CCCC5)ccc34)CC2)nc1,1,0.134589502,DNMT1,DNMT1 = 1 (0.13%),denovoLig = missing,denovoAlva = missing
c1cnc(N2CCC(CN=c3cc(-c4ccco4)[nH]c4cc(OCC5CCNCC5)ccc34)CC2)nc1,1,0.134589502,DNMT1,DNMT1 = 1 (0.13%),denovoLig = missing,denovoAlva = missing
c1cnc(N2CC3CCC(C2)C3CN=c2cc(-c3ccco3)[nH]c3ccccc23)nc1,1,0.134589502,DNMT1,DNMT1 = 1 (0.13%),denovoLig = missing,denovoAlva = missing
c1ccoc1,1,0.134589502,DNMT1,DNMT1 = 1 (0.13%),denovoLig = missing,denovoAlva = missing
c1ccn2c(CCc3nnc4ccccn34)nnc2c1,1,0.134589502,DNMT1,DNMT1 = 1 (0.13%),denovoLig = missing,denovoAlva = missing
c1coc(-c2cc(=NC3CC4(CCNC4)C3)c3ccc(OCCCN4CCCC4)cc3[nH]2)c1,1,0.134589502,DNMT1,DNMT1 = 1 (0.13%),denovoLig = missing,denovoAlva = missing
c1ccc2oc(-c3cc(=NC4CCNCC4)c4ccc(OCCCN5CCCC5)cc4[nH]3)cc2c1,1,0.134589502,DNMT1,DNMT1 = 1 (0.13%),denovoLig = missing,denovoAlva = missing
c1ccc2ncccc2c1,1,0.134589502,DNMT1,DNMT1 = 1 (0.13%),denovoLig = missing,denovoAlva = 1 (0.02%)
c1ccc(N=c2[nH]cnc3c2ncn3C2CCCO2)cc1,1,0.134589502,DNMT1,DNMT1 = 1 (0.13%),denovoLig = missing,denovoAlva = missing
c1ccc(N2CCN(c3nc(=NC4CCN(Cc5ccc6ccccc6c5)CC4)c4ccccc4[nH]3)CC2)cc1,1,0.134589502,DNMT1,DNMT1 = 1 (0.13%),denovoLig = missing,denovoAlva = missing
c1coc(-c2cc(=NC3CCNCC3)c3ccc(OCCCN4CCC5(CC5)C4)cc3[nH]2)c1,1,0.134589502,DNMT1,DNMT1 = 1 (0.13%),denovoLig = missing,denovoAlva = missing
c1ccc(CCCN=c2[nH]cnc3cc(OCC4CCN(CCNc5ccc6ncccc6c5)CC4)ccc23)cc1,1,0.134589502,DNMT1,DNMT1 = 1 (0.13%),denovoLig = missing,denovoAlva = missing
c1ccc(CCCN=c2[nH]cnc3cc(OCCN4CCN(CCN=c5cc[nH]c6ccccc56)CC4)ccc23)cc1,1,0.134589502,DNMT1,DNMT1 = 1 (0.13%),denovoLig = missing,denovoAlva = missing
c1ccc(CCCN=c2[nH]cnc3cc(OCCCNCCN=c4cc[nH]c5ccccc45)ccc23)cc1,1,0.134589502,DNMT1,DNMT1 = 1 (0.13%),denovoLig = missing,denovoAlva = missing
c1ccc(CCCN=c2[nH]cnc3cc(OCC4CCN(c5ccnc6ccccc56)CC4)ccc23)cc1,1,0.134589502,DNMT1,DNMT1 = 1 (0.13%),denovoLig = missing,denovoAlva = missing
c1ccc(CCCN=c2[nH]cnc3cc(OCC4CCN(CCNc5cncc6ccccc56)CC4)ccc23)cc1,1,0.134589502,DNMT1,DNMT1 = 1 (0.13%),denovoLig = missing,denovoAlva = missing
c1ccc(CCCN=c2[nH]cnc3cc(OCC4CCN(CCNc5cnc6ccccc6c5)CC4)ccc23)cc1,1,0.134589502,DNMT1,DNMT1 = 1 (0.13%),denovoLig = missing,denovoAlva = missing
c1ccc(CCCN=c2[nH]cnc3cc(OCC4CCN(CCNc5ccnc6ccccc56)CC4)ccc23)cc1,1,0.134589502,DNMT1,DNMT1 = 1 (0.13%),denovoLig = missing,denovoAlva = missing
c1ccc(CCCN=c2[nH]cnc3cc(OCC4CCN(CCNc5ccccc5)CC4)ccc23)cc1,1,0.134589502,DNMT1,DNMT1 = 1 (0.13%),denovoLig = missing,denovoAlva = missing
c1ccc(CCCN=c2[nH]cnc3cc(OCC4CCN(CCNc5cccc6ncccc56)CC4)ccc23)cc1,1,0.134589502,DNMT1,DNMT1 = 1 (0.13%),denovoLig = missing,denovoAlva = missing
c1ccc(CCCN=c2[nH]cnc3cc(OCC4CCN(CCNc5cccc6cnccc56)CC4)ccc23)cc1,1,0.134589502,DNMT1,DNMT1 = 1 (0.13%),denovoLig = missing,denovoAlva = missing
c1ccc(CCCN=c2[nH]cnc3cc(OCC4CCN(CCNc5ccc6ccccc6c5)CC4)ccc23)cc1,1,0.134589502,DNMT1,DNMT1 = 1 (0.13%),denovoLig = missing,denovoAlva = missing
c1ccc(CCN=c2[nH]cnc3c2ncn3C2CCCO2)cc1,1,0.134589502,DNMT1,DNMT1 = 1 (0.13%),denovoLig = missing,denovoAlva = missing
c1ccc(CCCN=c2[nH]cnc3cc(OCC4CCN(CCNc5ccc6[nH]ccc6c5)CC4)ccc23)cc1,1,0.134589502,DNMT1,DNMT1 = 1 (0.13%),denovoLig = missing,denovoAlva = missing
c1coc(-c2cc(=NC3C4CCC3CNC4)c3ccc(OCCCN4CCCC4)cc3[nH]2)c1,1,0.134589502,DNMT1,DNMT1 = 1 (0.13%),denovoLig = missing,denovoAlva = missing
c1ccc(CCCN=c2[nH]cnc3cc(OC4CCN(CCN=c5cc[nH]c6ccccc56)C4)ccc23)cc1,1,0.134589502,DNMT1,DNMT1 = 1 (0.13%),denovoLig = missing,denovoAlva = missing
c1ccc(CCCN=c2[nH]cnc3c2ncn3C2CCCO2)cc1,1,0.134589502,DNMT1,DNMT1 = 1 (0.13%),denovoLig = missing,denovoAlva = missing
c1ccc(CCCN2CCC(N=c3[nH]c(N4CCN(c5ccccc5)CC4)nc4ccccc34)CC2)cc1,1,0.134589502,DNMT1,DNMT1 = 1 (0.13%),denovoLig = missing,denovoAlva = missing
c1ccc(CC2CCNCC2)cc1,1,0.134589502,DNMT1,DNMT1 = 1 (0.13%),denovoLig = missing,denovoAlva = missing
c1coc(-c2cc(=NC3CCNCC3)c3ccc(OC4CC5(C4)CN(C4CC4)C5)cc3[nH]2)c1,1,0.134589502,DNMT1,DNMT1 = 1 (0.13%),denovoLig = missing,denovoAlva = missing
c1coc(-c2cc(=NC3CCNCC3)c3ccc(OC4CCNCC4)cc3[nH]2)c1,1,0.134589502,DNMT1,DNMT1 = 1 (0.13%),denovoLig = missing,denovoAlva = missing
c1ccc(C2CCC(CN=c3cc(-c4ccco4)[nH]c4cc(OCCCN5CCCC5)ccc34)CC2)cc1,1,0.134589502,DNMT1,DNMT1 = 1 (0.13%),denovoLig = missing,denovoAlva = missing
c1ccc(CCN2CCC(N=c3[nH]c(N4CCN(c5ccccc5)CC4)nc4ccccc34)CC2)cc1,1,0.134589502,DNMT1,DNMT1 = 1 (0.13%),denovoLig = missing,denovoAlva = missing
c1ccc(CCNCc2ccccc2)cc1,1,0.134589502,DNMT1,DNMT1 = 1 (0.13%),denovoLig = missing,denovoAlva = missing
c1ccc(N2CCC(N=c3cc(-c4ccco4)[nH]c4cc(OCCCN5CCCC5)ccc34)CC2)cc1,1,0.134589502,DNMT1,DNMT1 = 1 (0.13%),denovoLig = missing,denovoAlva = missing
c1ccc(CN=c2cc(-c3ccco3)[nH]c3ccccc23)cc1,1,0.134589502,DNMT1,DNMT1 = 1 (0.13%),denovoLig = missing,denovoAlva = missing
c1ccc(N2CCC(CN=c3cc(-c4ccco4)[nH]c4ccccc34)CC2)nc1,1,0.134589502,DNMT1,DNMT1 = 1 (0.13%),denovoLig = missing,denovoAlva = missing
c1ccc(N2CCC(CN=c3cc(-c4ccco4)[nH]c4cc(OCCCN5CCCC5)ccc34)CC2)cc1,1,0.134589502,DNMT1,DNMT1 = 1 (0.13%),denovoLig = missing,denovoAlva = missing
c1coc(-c2cc(=NC3CCCC3)c3ccc(OCCCN4CCCC4)cc3[nH]2)c1,1,0.134589502,DNMT1,DNMT1 = 1 (0.13%),denovoLig = missing,denovoAlva = missing
c1ccc(Cc2ccc3ccccc3c2)cc1,1,0.134589502,DNMT1,DNMT1 = 1 (0.13%),denovoLig = missing,denovoAlva = missing
c1ccc(COc2ccc3c(c2)[nH]c2ccccc23)cc1,1,0.134589502,DNMT1,DNMT1 = 1 (0.13%),denovoLig = missing,denovoAlva = missing
c1ccc(COc2ccc3c(=NCCNc4cccc5ccccc45)[nH]c(N4CCN(c5ccccc5)CC4)nc3c2)cc1,1,0.134589502,DNMT1,DNMT1 = 1 (0.13%),denovoLig = missing,denovoAlva = missing
c1ccc(COC2CCNCC2)cc1,1,0.134589502,DNMT1,DNMT1 = 1 (0.13%),denovoLig = missing,denovoAlva = missing
c1ccc(CNc2ccc(Oc3ccccc3)c3cccnc23)cc1,1,0.134589502,DNMT1,DNMT1 = 1 (0.13%),denovoLig = missing,denovoAlva = missing
c1ccc(CN=c2cc(-c3ccco3)[nH]c3ccccc23)nc1,1,0.134589502,DNMT1,DNMT1 = 1 (0.13%),denovoLig = missing,denovoAlva = missing
c1ccc(CN=c2[nH]cnc3cc(OCC4CCN(CCN=c5cc[nH]c6ccccc56)CC4)ccc23)cc1,1,0.134589502,DNMT1,DNMT1 = 1 (0.13%),denovoLig = missing,denovoAlva = missing
O=C1c2ccccc2C(=O)N1CCc1c[nH]cn1,1,0.134589502,DNMT1,DNMT1 = 1 (0.13%),denovoLig = missing,denovoAlva = missing
c1coc(-c2cc(=NC3CCCCC3)c3ccccc3[nH]2)c1,1,0.134589502,DNMT1,DNMT1 = 1 (0.13%),denovoLig = missing,denovoAlva = missing
c1ccc(CN=c2[nH]c(=NC3CCNCC3)c3ccccc3[nH]2)cc1,1,0.134589502,DNMT1,DNMT1 = 1 (0.13%),denovoLig = missing,denovoAlva = missing
c1ccc(CN2CCN(CCN=c3[nH]cnc4cc(OCC5CCN(CCN=c6cc[nH]c7ccccc67)CC5)ccc34)CC2)cc1,1,0.134589502,DNMT1,DNMT1 = 1 (0.13%),denovoLig = missing,denovoAlva = missing
c1ccc(CN2CCC(N=c3nc(N4CCCNCC4)[nH]c4ccccc34)CC2)cc1,1,0.134589502,DNMT1,DNMT1 = 1 (0.13%),denovoLig = missing,denovoAlva = missing
c1ccc(CN2CCC(N=c3cc(-c4ccco4)[nH]c4cc(OCCCN5CCCC5)ccc34)CC2)cc1,1,0.134589502,DNMT1,DNMT1 = 1 (0.13%),denovoLig = missing,denovoAlva = missing
c1ccc(CN2CCC(N=c3[nH]cnc4cc(OCC5CCN(CCN=c6cc[nH]c7ccccc67)CC5)ccc34)CC2)cc1,1,0.134589502,DNMT1,DNMT1 = 1 (0.13%),denovoLig = missing,denovoAlva = missing
c1ccc(CN2CCC(N=c3[nH]c(=Nc4ccccc4)[nH]c4ccccc34)CC2)cc1,1,0.134589502,DNMT1,DNMT1 = 1 (0.13%),denovoLig = missing,denovoAlva = missing
c1ccc(CN2CCC(CN=c3cc(-c4ccco4)[nH]c4ccccc34)CC2)cc1,1,0.134589502,DNMT1,DNMT1 = 1 (0.13%),denovoLig = missing,denovoAlva = missing
c1ccc(CN2CCC(CN=c3cc(-c4ccco4)[nH]c4cc(OCCCN5CCCC5)ccc34)CC2)cc1,1,0.134589502,DNMT1,DNMT1 = 1 (0.13%),denovoLig = missing,denovoAlva = missing
c1ccc(CCc2ccccc2)cc1,1,0.134589502,DNMT1,DNMT1 = 1 (0.13%),denovoLig = 1 (0.04%),denovoAlva = missing
O=C1NC(=O)N(Cc2ccco2)C(=O)C1=CC=Cc1ccco1,1,0.134589502,DNMT1,DNMT1 = 1 (0.13%),denovoLig = missing,denovoAlva = missing
O=C1c2ccccc2C(=O)N1CCCc1c[nH]c2ccccc12,1,0.134589502,DNMT1,DNMT1 = 1 (0.13%),denovoLig = missing,denovoAlva = missing
O=C(C=Cc1ccc(OCc2ccccc2)cc1)Nc1ccccc1,1,0.134589502,DNMT1,DNMT1 = 1 (0.13%),denovoLig = missing,denovoAlva = missing
O=C(C1COc2ccccc2O1)N1CCN(S(=O)(=O)c2ccccc2)CC1,1,0.134589502,DNMT1,DNMT1 = 1 (0.13%),denovoLig = missing,denovoAlva = missing
O=C(C1CC1)N1CCC2(CC(c3ccccc3)=NO2)C1,1,0.134589502,DNMT1,DNMT1 = 1 (0.13%),denovoLig = missing,denovoAlva = missing
O=C(C(Cc1ccccc1)NS(=O)(=O)c1ccc2c(c1)CCNC2)N1CCCC1,1,0.134589502,DNMT1,DNMT1 = 1 (0.13%),denovoLig = missing,denovoAlva = missing
N=c1nc[nH]c2ncn(CC(=O)c3ccccc3)c12,1,0.134589502,DNMT1,DNMT1 = 1 (0.13%),denovoLig = missing,denovoAlva = missing
N=c1nc[nH]c2c1ccn2C1CCCO1,1,0.134589502,DNMT1,DNMT1 = 1 (0.13%),denovoLig = missing,denovoAlva = missing
N=c1cc[nH]c2c1ncn2C1CCCO1,1,0.134589502,DNMT1,DNMT1 = 1 (0.13%),denovoLig = missing,denovoAlva = missing
N=c1cc2[nH]c3ccccc3c2c[nH]1,1,0.134589502,DNMT1,DNMT1 = 1 (0.13%),denovoLig = missing,denovoAlva = missing
N=c1c2ccccc2[nH]c2ncccc12,1,0.134589502,DNMT1,DNMT1 = 1 (0.13%),denovoLig = missing,denovoAlva = missing
N=c1c2ccccc2[nH]c2nc3ccccc3cc12,1,0.134589502,DNMT1,DNMT1 = 1 (0.13%),denovoLig = missing,denovoAlva = missing
N=c1[nH]ncc2ccccc12,1,0.134589502,DNMT1,DNMT1 = 1 (0.13%),denovoLig = missing,denovoAlva = missing
N=c1[nH]cnc2c1nnn2C1CCCO1,1,0.134589502,DNMT1,DNMT1 = 1 (0.13%),denovoLig = missing,denovoAlva = missing
N=c1[nH]cnc2c1ncn2C1CCC(CSCC2CCCN2)O1,1,0.134589502,DNMT1,DNMT1 = 1 (0.13%),denovoLig = missing,denovoAlva = missing
N=c1[nH]cnc2c1ncn2C1CCC(CSC2CNC2)O1,1,0.134589502,DNMT1,DNMT1 = 1 (0.13%),denovoLig = missing,denovoAlva = missing
N=c1[nH]cnc2c1ncn2C1CCC(CSC2CCNCC2)O1,1,0.134589502,DNMT1,DNMT1 = 1 (0.13%),denovoLig = missing,denovoAlva = missing
N=c1[nH]cnc2c1ncn2C1CCC(CSC2CCCNC2)O1,1,0.134589502,DNMT1,DNMT1 = 1 (0.13%),denovoLig = missing,denovoAlva = missing
N=c1[nH]cnc2c1ncn2C1CCC(CSC2CCCC2)O1,1,0.134589502,DNMT1,DNMT1 = 1 (0.13%),denovoLig = missing,denovoAlva = missing
N=c1[nH]cnc2c1ncn2C1CCC(CNCCc2csc3ccccc23)O1,1,0.134589502,DNMT1,DNMT1 = 1 (0.13%),denovoLig = missing,denovoAlva = missing
N=c1[nH]cnc2c1ncn2C1CCC(CNCCCNC(=O)Nc2ccccc2)O1,1,0.134589502,DNMT1,DNMT1 = 1 (0.13%),denovoLig = missing,denovoAlva = missing
N=c1[nH]cnc2c1ncn2C1CCC(CNCCCCCN2C=NC(=O)N(C3CCCO3)C2)O1,1,0.134589502,DNMT1,DNMT1 = 1 (0.13%),denovoLig = missing,denovoAlva = missing
N=c1[nH]cnc2c1ncn2C1CCC(CCCC2CCCCC2)O1,1,0.134589502,DNMT1,DNMT1 = 1 (0.13%),denovoLig = missing,denovoAlva = missing
N=c1[nH]cnc2c1ccn2C1CCC(CNCCCNC(=O)Nc2ccccc2)O1,1,0.134589502,DNMT1,DNMT1 = 1 (0.13%),denovoLig = missing,denovoAlva = missing
N=c1[nH]ccc2cc(CNC(=O)Cn3cnc(C(=O)NC4CCCCC4)n3)ccc12,1,0.134589502,DNMT1,DNMT1 = 1 (0.13%),denovoLig = missing,denovoAlva = missing
N=c1[nH]ccc2c1ncn2C1CCCO1,1,0.134589502,DNMT1,DNMT1 = 1 (0.13%),denovoLig = missing,denovoAlva = missing
O=C(C=Cc1ccc(-c2ccccc2)cc1)c1ccccc1,1,0.134589502,DNMT1,DNMT1 = 1 (0.13%),denovoLig = missing,denovoAlva = missing
O=C(C=Cc1ccccc1)NC(=S)Nc1ccc(S(=O)(=O)N=c2[nH]ccs2)cc1,1,0.134589502,DNMT1,DNMT1 = 1 (0.13%),denovoLig = missing,denovoAlva = missing
O=C1c2ccccc2C(=O)N1CCCCCCCCCCCCNc1ccccc1,1,0.134589502,DNMT1,DNMT1 = 1 (0.13%),denovoLig = missing,denovoAlva = missing
O=C(C=Cc1ccccc1)NC(=S)Nc1ccc(S(=O)(=O)N=c2[nH]ncs2)cc1,1,0.134589502,DNMT1,DNMT1 = 1 (0.13%),denovoLig = missing,denovoAlva = missing
O=C(COC(=O)c1cc(-c2ccco2)nc2ccccc12)c1c[nH]c(=O)[nH]c1=O,1,0.134589502,DNMT1,DNMT1 = 1 (0.13%),denovoLig = missing,denovoAlva = missing
O=C(COC(=O)c1cc(-c2ccco2)nc2ccccc12)NCc1ccccc1,1,0.134589502,DNMT1,DNMT1 = 1 (0.13%),denovoLig = missing,denovoAlva = missing
O=C(CNC(=O)c1ccccc1)NN=Cc1ccc(OC(=O)c2ccccc2)cc1,1,0.134589502,DNMT1,DNMT1 = 1 (0.13%),denovoLig = missing,denovoAlva = missing
O=C(CNC(=O)c1cc(-c2ccco2)nc2ccccc12)Nc1ccccc1,1,0.134589502,DNMT1,DNMT1 = 1 (0.13%),denovoLig = missing,denovoAlva = missing
O=C(CNC(=O)COc1ccccc1)NCc1ccco1,1,0.134589502,DNMT1,DNMT1 = 1 (0.13%),denovoLig = missing,denovoAlva = missing
O=C(CN1CC(c2nc(-c3ccccc3)no2)C(=O)c2cccnc21)Nc1ccc2c(c1)OCO2,1,0.134589502,DNMT1,DNMT1 = 1 (0.13%),denovoLig = missing,denovoAlva = missing
O=C(CN1C(=O)c2ccccc2C1=O)NCCc1c[nH]c2ccccc12,1,0.134589502,DNMT1,DNMT1 = 1 (0.13%),denovoLig = missing,denovoAlva = missing
O=C(CN1C(=O)c2ccccc2C1=O)N1CCC(Cc2c[nH]c3ccccc23)C1,1,0.134589502,DNMT1,DNMT1 = 1 (0.13%),denovoLig = missing,denovoAlva = missing
O=C(CN1C(=O)SC(=Cc2cccn2-c2ccccc2)C1=O)Nc1ccccc1,1,0.134589502,DNMT1,DNMT1 = 1 (0.13%),denovoLig = missing,denovoAlva = missing
O=C(CN1C(=O)SC(=Cc2cccn2-c2ccccc2)C1=O)N1CCCC1,1,0.134589502,DNMT1,DNMT1 = 1 (0.13%),denovoLig = missing,denovoAlva = missing
O=C(CN1C(=O)SC(=Cc2ccc(-c3ccccc3)o2)C1=O)Nc1ccccc1,1,0.134589502,DNMT1,DNMT1 = 1 (0.13%),denovoLig = missing,denovoAlva = missing
O=C(CN1C(=O)SC(=Cc2ccc(-c3ccccc3)o2)C1=O)Nc1ccc2c(c1)OCO2,1,0.134589502,DNMT1,DNMT1 = 1 (0.13%),denovoLig = missing,denovoAlva = missing
O=C(CN1C(=O)C(=Cc2ccco2)SC1=S)Nc1ccccc1,1,0.134589502,DNMT1,DNMT1 = 1 (0.13%),denovoLig = missing,denovoAlva = missing
O=C(CCc1ccco1)N=CC(=O)NN=Cc1ccccc1,1,0.134589502,DNMT1,DNMT1 = 1 (0.13%),denovoLig = missing,denovoAlva = missing
O=C(CCc1ccccc1)Nc1ccccc1,1,0.134589502,DNMT1,DNMT1 = 1 (0.13%),denovoLig = missing,denovoAlva = 3 (0.05%)
O=C(CCc1ccccc1)NCCSSCCNC(=O)CCc1ccccc1,1,0.134589502,DNMT1,DNMT1 = 1 (0.13%),denovoLig = missing,denovoAlva = missing
O=C(CCc1ccccc1)CC(=O)CCc1ccccc1,1,0.134589502,DNMT1,DNMT1 = 1 (0.13%),denovoLig = missing,denovoAlva = missing
O=C(CCc1c[nH]c2ccccc12)NCCSSCCNC(=O)CCc1c[nH]c2ccccc12,1,0.134589502,DNMT1,DNMT1 = 1 (0.13%),denovoLig = missing,denovoAlva = missing
O=C(CCNC(=O)Cc1ccccc1)N=c1cc[nH]cc1,1,0.134589502,DNMT1,DNMT1 = 1 (0.13%),denovoLig = missing,denovoAlva = missing
O=C(CCCCc1ccccc1)CCc1ccccc1,1,0.134589502,DNMT1,DNMT1 = 1 (0.13%),denovoLig = missing,denovoAlva = missing
O=C(C=Cc1ccco1)Nc1cccc(NC(=O)C=Cc2ccco2)c1,1,0.134589502,DNMT1,DNMT1 = 1 (0.13%),denovoLig = missing,denovoAlva = missing
O=C(C=Cc1ccco1)NC(=S)Nc1ccc(S(=O)(=O)N=c2ccnc[nH]2)cc1,1,0.134589502,DNMT1,DNMT1 = 1 (0.13%),denovoLig = missing,denovoAlva = missing
O=C(C=Cc1ccco1)N=CC(=O)NNc1c[nH]c2ccccc12,1,0.134589502,DNMT1,DNMT1 = 1 (0.13%),denovoLig = missing,denovoAlva = missing
N=c1[nH]ccc(=Nc2ccccc2NC(=O)c2ccccc2N=c2cc[nH]c3ccccc23)[nH]1,1,0.134589502,DNMT1,DNMT1 = 1 (0.13%),denovoLig = missing,denovoAlva = missing
N=c1[nH]ccc(=Nc2ccccc2NC(=O)c2cccc(N=c3cc[nH]c4ccccc34)c2)[nH]1,1,0.134589502,DNMT1,DNMT1 = 1 (0.13%),denovoLig = missing,denovoAlva = missing
N=c1[nH]ccc(=Nc2ccccc2NC(=O)c2ccc(N=c3cc[nH]c4ccccc34)cc2)[nH]1,1,0.134589502,DNMT1,DNMT1 = 1 (0.13%),denovoLig = missing,denovoAlva = missing
N=c1[nH]ccc(=Nc2cccc(NC(=O)c3ccccc3N=c3cc[nH]c4ccccc34)c2)[nH]1,1,0.134589502,DNMT1,DNMT1 = 1 (0.13%),denovoLig = missing,denovoAlva = missing
N=C(Cc1c[nH]c2ccccc12)C(=O)NCCCCSSCCCCNC(=O)C(=N)Cc1c[nH]c2ccccc12,1,0.134589502,DNMT1,DNMT1 = 1 (0.13%),denovoLig = missing,denovoAlva = missing
N=C(Cc1c[nH]c2ccccc12)C(=O)NCCCCCCCCNC(=O)C(=N)Cc1c[nH]c2ccccc12,1,0.134589502,DNMT1,DNMT1 = 1 (0.13%),denovoLig = missing,denovoAlva = missing
N=C(Cc1c[nH]c2ccc(OCc3ccccc3)cc12)C(=O)NCCSSCCNC(=O)C(=N)Cc1c[nH]c2ccc(OCc3ccccc3)cc12,1,0.134589502,DNMT1,DNMT1 = 1 (0.13%),denovoLig = missing,denovoAlva = missing
C=c1ccc(=CCNC(=O)c2ccc3[nH]cnc3c2)cc1,1,0.134589502,DNMT1,DNMT1 = 1 (0.13%),denovoLig = missing,denovoAlva = missing
C=c1cc[nH]c(=O)c1=Cc1ccc(-c2ccccc2)o1,1,0.134589502,DNMT1,DNMT1 = 1 (0.13%),denovoLig = missing,denovoAlva = missing
C=c1c(=Cc2c[nH]c(=S)[nH]c2=O)ccn1-c1cc2c(s1)CCCC2,1,0.134589502,DNMT1,DNMT1 = 1 (0.13%),denovoLig = missing,denovoAlva = missing
C=c1c(=Cc2c[nH]c(=O)n(Cc3ccccc3)c2=O)ccn1-c1ccccc1,1,0.134589502,DNMT1,DNMT1 = 1 (0.13%),denovoLig = missing,denovoAlva = missing
C=c1c(=Cc2c[nH]c(=O)n(-c3ccccc3)c2=O)ccn1-c1ccccc1,1,0.134589502,DNMT1,DNMT1 = 1 (0.13%),denovoLig = missing,denovoAlva = missing
C=c1c(=Cc2c[nH]c(=O)n(-c3ccc4c(c3)OCO4)c2=O)ccn1-c1ccccc1,1,0.134589502,DNMT1,DNMT1 = 1 (0.13%),denovoLig = missing,denovoAlva = missing
C=c1[nH]n(-c2ccccc2)c(=O)c1=Cc1c[nH]c(=S)[nH]1,1,0.134589502,DNMT1,DNMT1 = 1 (0.13%),denovoLig = missing,denovoAlva = missing
C=c1[nH]n(-c2ccccc2)c(=O)c1=CC=Cc1ccco1,1,0.134589502,DNMT1,DNMT1 = 1 (0.13%),denovoLig = missing,denovoAlva = missing
C=C1CSC2C(NC(=O)c3ccc(COc4ccccc4)o3)C(=O)N2C1,1,0.134589502,DNMT1,DNMT1 = 1 (0.13%),denovoLig = missing,denovoAlva = missing
C=C1CSC2C(NC(=O)Cc3cccs3)C(=O)N2C1,1,0.134589502,DNMT1,DNMT1 = 1 (0.13%),denovoLig = missing,denovoAlva = missing
C1CNCCN1,1,0.134589502,DNMT1,DNMT1 = 1 (0.13%),denovoLig = missing,denovoAlva = 2 (0.04%)
C1=Nc2cc(OCCCN3CCCC3)ccc2C12CCC2,1,0.134589502,DNMT1,DNMT1 = 1 (0.13%),denovoLig = missing,denovoAlva = missing
C1=NC(NC2CCNCC2)=c2ccc(OCCCN3CCCC3)cc2=NC1C1CCCCC1,1,0.134589502,DNMT1,DNMT1 = 1 (0.13%),denovoLig = missing,denovoAlva = missing
C1=Cc2c(ccc3c2[nH]c2ccccc23)OC1,1,0.134589502,DNMT1,DNMT1 = 1 (0.13%),denovoLig = missing,denovoAlva = missing
C1=CC2c3ccccc3NCC2C1,1,0.134589502,DNMT1,DNMT1 = 1 (0.13%),denovoLig = missing,denovoAlva = missing
C1=C2CN3CCC45C(=Nc6ccccc64)C(COC1)C2CC35,1,0.134589502,DNMT1,DNMT1 = 1 (0.13%),denovoLig = missing,denovoAlva = missing
C1=C(c2cc(=NC3CCNCC3)c3ccc(OCCCN4CCCC4)cc3[nH]2)CCOC1,1,0.134589502,DNMT1,DNMT1 = 1 (0.13%),denovoLig = missing,denovoAlva = missing
C1=C(c2cc(=NC3CCNCC3)c3ccc(OCCCN4CCCC4)cc3[nH]2)CCCC1,1,0.134589502,DNMT1,DNMT1 = 1 (0.13%),denovoLig = missing,denovoAlva = missing
C(=NN1CCN(c2ccccc2)CC1)c1ccccc1,1,0.134589502,DNMT1,DNMT1 = 1 (0.13%),denovoLig = missing,denovoAlva = missing
C(=Cc1nc2ccccc2s1)c1ccccc1,1,0.134589502,DNMT1,DNMT1 = 1 (0.13%),denovoLig = missing,denovoAlva = missing
N=C(Cc1ccccc1)C(=O)NCCCCCCNC(=O)C(=N)Cc1ccccc1,1,0.134589502,DNMT1,DNMT1 = 1 (0.13%),denovoLig = missing,denovoAlva = missing
N=C(Cc1ccccc1)C(=O)NCCCSCCNC(=O)C(=N)Cc1ccccc1,1,0.134589502,DNMT1,DNMT1 = 1 (0.13%),denovoLig = missing,denovoAlva = missing
N=C(Nc1ccccc1)N1CCC(c2ccccc2)=N1,1,0.134589502,DNMT1,DNMT1 = 1 (0.13%),denovoLig = missing,denovoAlva = missing
N=c1[nH]c(=O)n(C2CCCO2)cc1CSCCCC1CCC(n2cnc3c(=N)[nH]cnc32)O1,1,0.134589502,DNMT1,DNMT1 = 1 (0.13%),denovoLig = missing,denovoAlva = missing
N=c1[nH]ccc(=Nc2cccc(NC(=O)c3cccc(N=c4cc[nH]c5ccccc45)c3)c2)[nH]1,1,0.134589502,DNMT1,DNMT1 = 1 (0.13%),denovoLig = missing,denovoAlva = missing
N=c1[nH]ccc(=Nc2cccc(NC(=O)c3ccc(N=c4cc[nH]c5ccccc45)cc3)c2)[nH]1,1,0.134589502,DNMT1,DNMT1 = 1 (0.13%),denovoLig = missing,denovoAlva = missing
N=c1[nH]ccc(=Nc2cccc(C(=O)Nc3ccc(N=c4cc[nH]c5ccccc45)cc3)c2)[nH]1,1,0.134589502,DNMT1,DNMT1 = 1 (0.13%),denovoLig = missing,denovoAlva = missing
N=c1[nH]ccc(=Nc2ccc(NC(=O)c3ccccc3N=c3cc[nH]c4ccccc34)cc2)[nH]1,1,0.134589502,DNMT1,DNMT1 = 1 (0.13%),denovoLig = missing,denovoAlva = missing
N=c1[nH]ccc(=Nc2ccc(NC(=O)c3ccccc3)cc2)[nH]1,1,0.134589502,DNMT1,DNMT1 = 1 (0.13%),denovoLig = missing,denovoAlva = missing
N=c1[nH]ccc(=Nc2ccc(NC(=O)c3cccc(N=c4cc[nH]c5ccccc45)c3)cc2)[nH]1,1,0.134589502,DNMT1,DNMT1 = 1 (0.13%),denovoLig = missing,denovoAlva = missing
N=c1[nH]ccc(=Nc2ccc(NC(=O)c3ccc(N=c4cc[nH]c(=N)[nH]4)cc3)cc2)[nH]1,1,0.134589502,DNMT1,DNMT1 = 1 (0.13%),denovoLig = missing,denovoAlva = missing
N=c1[nH]ccc(=Nc2ccc(C(=O)Nc3ccc(N=c4cc[nH]c5ccccc45)cc3)cc2)[nH]1,1,0.134589502,DNMT1,DNMT1 = 1 (0.13%),denovoLig = missing,denovoAlva = missing
N=c1[nH]c2ccccc2c2nc(-c3cccnc3)nn12,1,0.134589502,DNMT1,DNMT1 = 1 (0.13%),denovoLig = missing,denovoAlva = missing
N=c1[nH]c(=O)n(C2CCCO2)cc1SCCNCC1CCC(n2cnc3c(=N)[nH]cnc32)O1,1,0.134589502,DNMT1,DNMT1 = 1 (0.13%),denovoLig = missing,denovoAlva = missing
N=c1[nH]c(=O)n(C2CCCO2)cc1CSCC1CCC(n2cnc3c(=N)[nH]cnc32)O1,1,0.134589502,DNMT1,DNMT1 = 1 (0.13%),denovoLig = missing,denovoAlva = missing
N=C1C(=Cc2ccc(SCc3ccco3)o2)C(=O)N=C2SC=NN12,1,0.134589502,DNMT1,DNMT1 = 1 (0.13%),denovoLig = missing,denovoAlva = missing
N=c1[nH]c(=O)n(C2CCCO2)cc1CNCCCC1CCC(n2cnc3c(=N)[nH]cnc32)O1,1,0.134589502,DNMT1,DNMT1 = 1 (0.13%),denovoLig = missing,denovoAlva = missing
N=c1[nH]c(=O)n(C2CCCO2)cc1CCSCC1CCC(n2cnc3c(=N)[nH]cnc32)O1,1,0.134589502,DNMT1,DNMT1 = 1 (0.13%),denovoLig = missing,denovoAlva = missing
N=c1[nH]c(=O)n(C2CCCO2)cc1CCNCC1CCC(n2cnc3c(=N)[nH]cnc32)O1,1,0.134589502,DNMT1,DNMT1 = 1 (0.13%),denovoLig = missing,denovoAlva = missing
N=c1[nH]c(=O)n(C2CCCO2)cc1CCCSCC1CCC(n2cnc3c(=N)[nH]cnc32)O1,1,0.134589502,DNMT1,DNMT1 = 1 (0.13%),denovoLig = missing,denovoAlva = missing
N=c1[nH]c(=NC2CCNCC2)c2ccccc2[nH]1,1,0.134589502,DNMT1,DNMT1 = 1 (0.13%),denovoLig = missing,denovoAlva = missing
N=C1c2ccccc2-c2ccccc21,1,0.134589502,DNMT1,DNMT1 = 1 (0.13%),denovoLig = missing,denovoAlva = missing
N=C1CC(=O)c2cccnc2C1=O,1,0.134589502,DNMT1,DNMT1 = 1 (0.13%),denovoLig = missing,denovoAlva = missing
N=C1C=CC=CC1=N,1,0.134589502,DNMT1,DNMT1 = 1 (0.13%),denovoLig = missing,denovoAlva = missing
N=C1C(=Cc2coc3ccccc3c2=O)C(=O)N=C2SC(c3ccco3)=NN12,1,0.134589502,DNMT1,DNMT1 = 1 (0.13%),denovoLig = missing,denovoAlva = missing
N=C1C(=Cc2cccn2-c2ccccc2)C(=O)N=C2SN=CN12,1,0.134589502,DNMT1,DNMT1 = 1 (0.13%),denovoLig = missing,denovoAlva = missing
O=C(COC(=O)c1cc2c(s1)CCC2)Nc1ccccc1,1,0.134589502,DNMT1,DNMT1 = 1 (0.13%),denovoLig = missing,denovoAlva = missing
O=C(COC(=O)c1ccc(NS(=O)(=O)c2cccs2)cc1)NCc1ccco1,1,0.134589502,DNMT1,DNMT1 = 1 (0.13%),denovoLig = missing,denovoAlva = missing
O=C(COC(=O)c1ccccc1)N=c1[nH]ccs1,1,0.134589502,DNMT1,DNMT1 = 1 (0.13%),denovoLig = missing,denovoAlva = missing
O=C(OC1Cc2ccccc2OC1c1ccccc1)c1ccccc1,1,0.134589502,DNMT1,DNMT1 = 1 (0.13%),denovoLig = missing,denovoAlva = missing
O=C1CC(c2cccc(OCCCCOc3ccc(-c4nn[nH]n4)cc3)c2)=NN1C1CCCCCC1,1,0.134589502,DNMT1,DNMT1 = 1 (0.13%),denovoLig = missing,denovoAlva = missing
O=C1CC(N=c2cc(-c3ccco3)[nH]c3cc(OCCCN4CCCC4)ccc23)CCN1,1,0.134589502,DNMT1,DNMT1 = 1 (0.13%),denovoLig = missing,denovoAlva = missing
O=C1CC(=O)C(C2CC3C(=O)CC2CC3=O)O1,1,0.134589502,DNMT1,DNMT1 = 1 (0.13%),denovoLig = missing,denovoAlva = missing
O=C1C=CC(=O)c2ncccc21,1,0.134589502,DNMT1,DNMT1 = 1 (0.13%),denovoLig = missing,denovoAlva = missing
O=C1C=CC(=O)c2ccccc21,1,0.134589502,DNMT1,DNMT1 = 1 (0.13%),denovoLig = missing,denovoAlva = missing
O=C1C=CC(=O)N1CCc1ccc(-n2nnc(-c3ccncc3)n2)cc1,1,0.134589502,DNMT1,DNMT1 = 1 (0.13%),denovoLig = missing,denovoAlva = missing
O=C1C=CC(=O)N1CCc1ccc(-n2nnc(-c3cccc4ccccc34)n2)cc1,1,0.134589502,DNMT1,DNMT1 = 1 (0.13%),denovoLig = missing,denovoAlva = missing
O=C1C=C(c2ccccc2)C(=O)N1Cc1c[nH]c2ccccc12,1,0.134589502,DNMT1,DNMT1 = 1 (0.13%),denovoLig = missing,denovoAlva = missing
O=C1C=C(N2CC2)c2ccccc2C1=O,1,0.134589502,DNMT1,DNMT1 = 1 (0.13%),denovoLig = missing,denovoAlva = missing
O=C1C2CC=CCC2C(c2cccc(OCCCCOc3ccc(-c4nn[nH]n4)cc3)c2)=NN1C1CCCCCC1,1,0.134589502,DNMT1,DNMT1 = 1 (0.13%),denovoLig = missing,denovoAlva = missing
O=C1C(=O)c2c(ccc3ccccc23)-c2ccccc21,1,0.134589502,DNMT1,DNMT1 = 1 (0.13%),denovoLig = missing,denovoAlva = missing
O=C1C(=O)c2c(C(=O)c3ccccc3)coc2-c2ccccc21,1,0.134589502,DNMT1,DNMT1 = 1 (0.13%),denovoLig = missing,denovoAlva = missing
O=C1C(=Cc2ccccc2)C(c2ccccc2)=NN1c1nc(-c2ccccc2)cs1,1,0.134589502,DNMT1,DNMT1 = 1 (0.13%),denovoLig = missing,denovoAlva = missing
O=C1C(=CC=Cc2ccccc2)CCC1=CC=Cc1ccccc1,1,0.134589502,DNMT1,DNMT1 = 1 (0.13%),denovoLig = missing,denovoAlva = 2 (0.04%)
O=C(c1ccco1)N1CCN(C(=O)c2cccc3c2C(=O)N(c2ccccc2)C3)CC1,1,0.134589502,DNMT1,DNMT1 = 1 (0.13%),denovoLig = missing,denovoAlva = missing
O=C(c1ccccc1)c1ccccc1,1,0.134589502,DNMT1,DNMT1 = 1 (0.13%),denovoLig = 71 (2.85%),denovoAlva = missing
O=C(c1ccccc1)c1ccc2nc3sccc3c(=O)n2c1,1,0.134589502,DNMT1,DNMT1 = 1 (0.13%),denovoLig = missing,denovoAlva = missing
O=C(c1ccccc1)c1ccc2nc3sc4c(c3c(=O)n2c1)CCCC4,1,0.134589502,DNMT1,DNMT1 = 1 (0.13%),denovoLig = missing,denovoAlva = missing
O=C(c1ccccc1)N1CCC(Cc2c[nH]c3ccccc23)C1,1,0.134589502,DNMT1,DNMT1 = 1 (0.13%),denovoLig = missing,denovoAlva = missing
O=C(c1ccc2ccccc2c1)N1CCC(Cc2c[nH]c3ccccc23)C1,1,0.134589502,DNMT1,DNMT1 = 1 (0.13%),denovoLig = missing,denovoAlva = missing
O=C(c1ccc(=O)oc1)N1CCOCC1,1,0.134589502,DNMT1,DNMT1 = 1 (0.13%),denovoLig = missing,denovoAlva = missing
O=C(c1ccc(=O)oc1)N1CCCCC1,1,0.134589502,DNMT1,DNMT1 = 1 (0.13%),denovoLig = missing,denovoAlva = missing
O=C(c1cc2c(s1)CCC2)N1CCN(S(=O)(=O)c2ccccc2)CC1,1,0.134589502,DNMT1,DNMT1 = 1 (0.13%),denovoLig = missing,denovoAlva = missing
O=C1CCC2C3=C(CCC2C1)C1CCCC1CC3,1,0.134589502,DNMT1,DNMT1 = 1 (0.13%),denovoLig = missing,denovoAlva = missing
O=C1CCCC2=c3c(ccc4ccccc34)=NC(c3ccco3)C12,1,0.134589502,DNMT1,DNMT1 = 1 (0.13%),denovoLig = missing,denovoAlva = missing
O=C1CN(C(=O)c2cccs2)C(c2ccccc2)c2ccccc2N1,1,0.134589502,DNMT1,DNMT1 = 1 (0.13%),denovoLig = missing,denovoAlva = missing
O=C1NC(=S)NC(=O)C1=CC=Cc1ccco1,1,0.134589502,DNMT1,DNMT1 = 1 (0.13%),denovoLig = missing,denovoAlva = missing
O=C1c2ccccc2-c2ccccc21,1,0.134589502,DNMT1,DNMT1 = 1 (0.13%),denovoLig = missing,denovoAlva = missing
O=C1c2ccccc2-c2cccc3cccc1c23,1,0.134589502,DNMT1,DNMT1 = 1 (0.13%),denovoLig = missing,denovoAlva = missing
O=C1SC(=Cc2ccccc2)C(=O)N1Cc1ccccc1,1,0.134589502,DNMT1,DNMT1 = 1 (0.13%),denovoLig = missing,denovoAlva = missing
O=C1OC=CC1=Cc1ccco1,1,0.134589502,DNMT1,DNMT1 = 1 (0.13%),denovoLig = missing,denovoAlva = missing
O=C1Nc2ccccc2C1=O,1,0.134589502,DNMT1,DNMT1 = 1 (0.13%),denovoLig = missing,denovoAlva = missing
O=C1NN(c2ccccc2)C(=O)C1=Cc1ccc(Sc2cccc3ccccc23)o1,1,0.134589502,DNMT1,DNMT1 = 1 (0.13%),denovoLig = missing,denovoAlva = missing
O=C1NC(=S)SC1=Cc1cn(-c2ccccc2)nc1-c1cccs1,1,0.134589502,DNMT1,DNMT1 = 1 (0.13%),denovoLig = missing,denovoAlva = missing
O=C1NC(=S)SC1=Cc1ccc(-c2nc3ccccc3s2)o1,1,0.134589502,DNMT1,DNMT1 = 1 (0.13%),denovoLig = missing,denovoAlva = missing
O=C1NC(=S)SC1=CC1=C(c2cccs2)Oc2ccccc2C1c1ccccc1,1,0.134589502,DNMT1,DNMT1 = 1 (0.13%),denovoLig = missing,denovoAlva = missing
O=C1NC(=S)NC(=O)C1=Cc1cccn1-c1ccccc1,1,0.134589502,DNMT1,DNMT1 = 1 (0.13%),denovoLig = missing,denovoAlva = missing
O=C1NC(=S)N=C1Cc1ccc2c(c1)OCO2,1,0.134589502,DNMT1,DNMT1 = 1 (0.13%),denovoLig = missing,denovoAlva = missing
O=C1COc2c(CCNCCN(C(=O)CCNCCc3ccccc3)C3CCCCC3)cccc2N1,1,0.134589502,DNMT1,DNMT1 = 1 (0.13%),denovoLig = missing,denovoAlva = missing
O=C1NC(=S)N(Cc2ccccc2)C(=O)C1=Cc1ccc[nH]1,1,0.134589502,DNMT1,DNMT1 = 1 (0.13%),denovoLig = missing,denovoAlva = 2 (0.04%)
O=C1NC(=O)N(c2ccccc2)C(=O)C1=Cc1ccoc1,1,0.134589502,DNMT1,DNMT1 = 1 (0.13%),denovoLig = missing,denovoAlva = missing
C(=Cc1nc2ccccc2s1)c1ccc(Nc2ccccc2)cc1,1,0.134589502,DNMT1,DNMT1 = 1 (0.13%),denovoLig = missing,denovoAlva = missing
O=C1NC(=O)N(Cc2ccccc2)C(=O)C1=Cc1ccco1,1,0.134589502,DNMT1,DNMT1 = 1 (0.13%),denovoLig = missing,denovoAlva = missing
O=C1NC(=O)C(=Cc2ccco2)C(=O)N1,1,0.134589502,DNMT1,DNMT1 = 1 (0.13%),denovoLig = missing,denovoAlva = missing
O=C1NC(=O)C(=Cc2ccc(-c3ccccc3)o2)S1,1,0.134589502,DNMT1,DNMT1 = 1 (0.13%),denovoLig = missing,denovoAlva = missing
O=C1N=C(NCc2ccco2)NCN1,1,0.134589502,DNMT1,DNMT1 = 1 (0.13%),denovoLig = missing,denovoAlva = missing
O=C1N=C(Cc2ccc(-c3ccccc3)o2)C(=O)N1c1ccccc1,1,0.134589502,DNMT1,DNMT1 = 1 (0.13%),denovoLig = missing,denovoAlva = missing
O=C1N=C(Cc2ccc(-c3ccccc3)o2)C(=O)N1Cc1ccccc1,1,0.134589502,DNMT1,DNMT1 = 1 (0.13%),denovoLig = missing,denovoAlva = missing
O=C1COc2ccc(C(=O)COC(=O)C=Cc3ccco3)cc2N1,1,0.134589502,DNMT1,DNMT1 = 1 (0.13%),denovoLig = missing,denovoAlva = missing
O=C(Oc1ccc(-c2nc(-c3ccccn3)no2)cc1)c1ccccc1,1,0.134589502,DNMT1,DNMT1 = 1 (0.13%),denovoLig = missing,denovoAlva = missing
O=C(Nn1ccc(-c2nc(-c3ccccc3)cs2)c1)c1ccccc1,1,0.134589502,DNMT1,DNMT1 = 1 (0.13%),denovoLig = missing,denovoAlva = missing
O=C(COC(=O)c1ccccc1)Nc1cc2c(s1)CCCCC2,1,0.134589502,DNMT1,DNMT1 = 1 (0.13%),denovoLig = missing,denovoAlva = missing
O=C(Nc1ccccc1)c1ccccc1,1,0.134589502,DNMT1,DNMT1 = 1 (0.13%),denovoLig = 1 (0.04%),denovoAlva = 3 (0.05%)
O=C(Cn1ncc2cn(Cc3ccccc3)cc2c1=O)Nc1ccccc1,1,0.134589502,DNMT1,DNMT1 = 1 (0.13%),denovoLig = missing,denovoAlva = missing
O=C(Cn1cnc2ccccc21)c1ccccc1,1,0.134589502,DNMT1,DNMT1 = 1 (0.13%),denovoLig = missing,denovoAlva = missing
O=C(Cn1cnc(C(=O)Nc2ccccc2)n1)NCc1ccc2[nH]ncc2c1,1,0.134589502,DNMT1,DNMT1 = 1 (0.13%),denovoLig = missing,denovoAlva = missing
O=C(Cc1cccs1)Nc1ccccc1,1,0.134589502,DNMT1,DNMT1 = 1 (0.13%),denovoLig = missing,denovoAlva = missing
O=C(Cc1cccs1)Nc1ccc(S(=O)(=O)N=c2nccc[nH]2)cc1,1,0.134589502,DNMT1,DNMT1 = 1 (0.13%),denovoLig = missing,denovoAlva = missing
O=C(Cc1cccs1)N=c1[nH]nc(Cc2ccccc2)s1,1,0.134589502,DNMT1,DNMT1 = 1 (0.13%),denovoLig = missing,denovoAlva = missing
O=C(Cc1ccccc1)Nc1ccc(C=NNC(=O)c2ccccc2)cc1,1,0.134589502,DNMT1,DNMT1 = 1 (0.13%),denovoLig = missing,denovoAlva = missing
O=C(Cc1ccccc1)C(=O)NCCSSCCNC(=O)C(=O)Cc1ccccc1,1,0.134589502,DNMT1,DNMT1 = 1 (0.13%),denovoLig = missing,denovoAlva = missing
O=C(C[n+]1cccc2ccccc21)c1ccccc1,1,0.134589502,DNMT1,DNMT1 = 1 (0.13%),denovoLig = missing,denovoAlva = missing
O=C(CSc1ncnc2sccc12)N=c1[nH]c(-c2ccccc2)cs1,1,0.134589502,DNMT1,DNMT1 = 1 (0.13%),denovoLig = missing,denovoAlva = missing
O=C(CSc1ncnc2sccc12)N1CCN(Cc2cc(=O)n3ccsc3n2)CC1,1,0.134589502,DNMT1,DNMT1 = 1 (0.13%),denovoLig = missing,denovoAlva = missing
O=C(CSc1nc2ccccc2[nH]1)Nc1ccccc1,1,0.134589502,DNMT1,DNMT1 = 1 (0.13%),denovoLig = missing,denovoAlva = missing
O=C(CSc1nc(=O)cc[nH]1)Nc1ccccc1,1,0.134589502,DNMT1,DNMT1 = 1 (0.13%),denovoLig = missing,denovoAlva = missing
O=C(CSc1nc(=O)c2cnn(-c3ccccc3)c2[nH]1)c1ccccc1,1,0.134589502,DNMT1,DNMT1 = 1 (0.13%),denovoLig = missing,denovoAlva = missing
O=C(CSc1nc(=O)c2ccccc2[nH]1)N=c1[nH]c(-c2ccccc2)cs1,1,0.134589502,DNMT1,DNMT1 = 1 (0.13%),denovoLig = missing,denovoAlva = missing
O=C(CSc1ccsc1)Nc1ccccc1,1,0.134589502,DNMT1,DNMT1 = 1 (0.13%),denovoLig = missing,denovoAlva = missing
O=C(CSc1cc2[nH]ccc(=O)c2s1)N=c1[nH]c2ccccc2s1,1,0.134589502,DNMT1,DNMT1 = 1 (0.13%),denovoLig = missing,denovoAlva = missing
O=C(COc1cnn(-c2ccccc2)c(=O)c1)Nc1ccccc1,1,0.134589502,DNMT1,DNMT1 = 1 (0.13%),denovoLig = missing,denovoAlva = missing
O=C(COc1ccccc1)Nc1ccc(N2CCCC2)cc1,1,0.134589502,DNMT1,DNMT1 = 1 (0.13%),denovoLig = missing,denovoAlva = missing
O=C(COc1ccccc1)N1CCC2(CC(c3ccccc3)=NO2)C1,1,0.134589502,DNMT1,DNMT1 = 1 (0.13%),denovoLig = missing,denovoAlva = missing
O=C(COc1ccc(C=NNC(=O)c2ccccc2)cc1)Nc1ccccc1,1,0.134589502,DNMT1,DNMT1 = 1 (0.13%),denovoLig = missing,denovoAlva = missing
O=C(COc1ccc(C=Cc2nc3ccccc3s2)cc1)Nc1ccccc1,1,0.134589502,DNMT1,DNMT1 = 1 (0.13%),denovoLig = missing,denovoAlva = missing
O=C(COC(=O)c1cccs1)Nc1ccccc1,1,0.134589502,DNMT1,DNMT1 = 1 (0.13%),denovoLig = missing,denovoAlva = missing
O=C(N=c1[nH]ccs1)c1cc2cc3ccccc3nc2s1,1,0.134589502,DNMT1,DNMT1 = 1 (0.13%),denovoLig = missing,denovoAlva = missing
O=C(N=c1[nH]nc(-c2ccncc2)s1)Nc1ccccc1,1,0.134589502,DNMT1,DNMT1 = 1 (0.13%),denovoLig = missing,denovoAlva = missing
O=C(N=c1[nH]ncs1)c1ccco1,1,0.134589502,DNMT1,DNMT1 = 1 (0.13%),denovoLig = missing,denovoAlva = missing
O=C(NN=Cc1ccc(OC(=O)c2ccccc2)cc1)c1ccccc1,1,0.134589502,DNMT1,DNMT1 = 1 (0.13%),denovoLig = missing,denovoAlva = missing
O=C(Nc1cccc(S(=O)(=O)Nc2ccccc2)c1)c1cc2cnn(-c3ccccc3)c2s1,1,0.134589502,DNMT1,DNMT1 = 1 (0.13%),denovoLig = missing,denovoAlva = missing
O=C(Nc1cccc(S(=O)(=O)N=C2CCCN2)c1)c1cc(-c2ccco2)nc2ccccc12,1,0.134589502,DNMT1,DNMT1 = 1 (0.13%),denovoLig = missing,denovoAlva = missing
O=C(Nc1cccc(S(=O)(=O)N2CCOCC2)c1)c1cccc(-n2cccc2)c1,1,0.134589502,DNMT1,DNMT1 = 1 (0.13%),denovoLig = missing,denovoAlva = missing
O=C(Nc1ccc(N=c2cc[nH]c3ccccc23)cc1)c1ccc(N=c2cc[nH]c3ccccc23)cc1,1,0.134589502,DNMT1,DNMT1 = 1 (0.13%),denovoLig = missing,denovoAlva = missing
O=C(Nc1cc(-c2cccc(CN3CCOCC3)c2)ccc1N1CCNCC1)c1ccc(=O)[nH]c1,1,0.134589502,DNMT1,DNMT1 = 1 (0.13%),denovoLig = missing,denovoAlva = missing
O=C(NS(=O)(=O)c1ccccc1)C1(c2ccccc2)CCNCC1,1,0.134589502,DNMT1,DNMT1 = 1 (0.13%),denovoLig = missing,denovoAlva = missing
O=C(NNC(=O)c1cccc(-n2cccc2)c1)c1ccccc1,1,0.134589502,DNMT1,DNMT1 = 1 (0.13%),denovoLig = missing,denovoAlva = missing
O=C(NN=Cc1cn(Cc2ccccc2)c2ccccc12)c1ccccc1,1,0.134589502,DNMT1,DNMT1 = 1 (0.13%),denovoLig = missing,denovoAlva = missing
O=C(NN=Cc1ccoc1)c1ccccc1,1,0.134589502,DNMT1,DNMT1 = 1 (0.13%),denovoLig = missing,denovoAlva = 1 (0.02%)
O=C(NN=Cc1cccn1-c1ccccc1)c1cc2ccccc2o1,1,0.134589502,DNMT1,DNMT1 = 1 (0.13%),denovoLig = missing,denovoAlva = 2 (0.04%)
O=C(NCc1csc(-c2ccccc2)n1)OC1CN2CCC1CC2,1,0.134589502,DNMT1,DNMT1 = 1 (0.13%),denovoLig = missing,denovoAlva = missing
O=C(NCC(=O)c1ccccc1)Nc1ccc2nnsc2c1,1,0.134589502,DNMT1,DNMT1 = 1 (0.13%),denovoLig = missing,denovoAlva = missing
O=C(NCc1ccccc1)c1ccccc1,1,0.134589502,DNMT1,DNMT1 = 1 (0.13%),denovoLig = missing,denovoAlva = missing
O=C(NCc1ccccc1)c1cccc(N2C(=O)N=C(Cc3ccccc3)C2=O)c1,1,0.134589502,DNMT1,DNMT1 = 1 (0.13%),denovoLig = missing,denovoAlva = missing
O=C(NCc1ccc[nH]c1=O)c1cc(-c2ccnc(N3CCNCC3)c2)cc2[nH]ncc12,1,0.134589502,DNMT1,DNMT1 = 1 (0.13%),denovoLig = missing,denovoAlva = missing
O=C(NCCc1ccccc1)c1ccc2ncccc2c1,1,0.134589502,DNMT1,DNMT1 = 1 (0.13%),denovoLig = missing,denovoAlva = missing
O=C(NCCc1ccccc1)c1ccc2c(c1)OCO2,1,0.134589502,DNMT1,DNMT1 = 1 (0.13%),denovoLig = missing,denovoAlva = missing
O=C(NCCc1ccccc1)c1ccc2c(c1)OCCO2,1,0.134589502,DNMT1,DNMT1 = 1 (0.13%),denovoLig = missing,denovoAlva = missing
O=C(NCCc1ccccc1)c1cc(-c2ccco2)nc2ccccc12,1,0.134589502,DNMT1,DNMT1 = 1 (0.13%),denovoLig = missing,denovoAlva = missing
O=C(NCCc1ccccc1)c1c[nH]c2ncccc12,1,0.134589502,DNMT1,DNMT1 = 1 (0.13%),denovoLig = missing,denovoAlva = missing
O=C(NCCc1ccc(CCC(=O)N2CCOCC2)cc1)c1ccccc1,1,0.134589502,DNMT1,DNMT1 = 1 (0.13%),denovoLig = missing,denovoAlva = missing
O=C(NCC1CCCCC1)c1cccc(N2C(=O)N=C(Cc3ccccc3)C2=O)c1,1,0.134589502,DNMT1,DNMT1 = 1 (0.13%),denovoLig = missing,denovoAlva = missing
c1ncc2ncn(C3CCCO3)c2n1,1,0.134589502,DNMT1,DNMT1 = 1 (0.13%),denovoLig = missing,denovoAlva = missing
